source;target
1;4
1;5
1;6
2;7
2;8
3;9
3;10
4;11
4;12
4;13
5;14
5;15
7;16
7;17
17;18
17;19
17;20
17;21
17;22
12;23
13;24
14;25
12;26
17;27
17;28
15;29
14;30
12;31
12;32
17;33
12;34
11;35
16;36
12;37
11;38
16;39
16;40
12;41
14;42
16;43
11;44
16;45
14;46
13;47
11;48
16;49
11;50
16;51
15;52
11;53
14;54
17;55
15;56
17;57
12;58
11;59
12;60
13;61
12;62
11;63
12;64
11;65
11;66
15;67
44;68
27;69
66;70
29;71
48;72
65;73
26;74
65;75
51;76
62;77
37;78
48;79
44;80
64;81
39;82
46;83
59;84
62;85
18;86
36;87
25;88
27;89
21;90
59;91
20;92
56;93
66;94
29;95
50;96
28;97
18;98
43;99
45;100
61;101
47;102
53;103
63;104
34;105
54;106
50;107
37;108
63;109
32;110
45;111
28;112
35;113
23;114
51;115
42;116
26;117
65;118
31;119
43;120
57;121
21;122
32;123
43;124
29;125
65;126
53;127
56;128
22;129
62;130
47;131
48;132
38;133
59;134
59;135
43;136
42;137
28;138
21;139
41;140
59;141
45;142
30;143
35;144
24;145
24;146
22;147
41;148
56;149
67;150
39;151
19;152
33;153
36;154
28;155
52;156
24;157
22;158
31;159
56;160
18;161
66;162
37;163
30;164
53;165
30;166
58;167
20;168
33;169
35;170
23;171
54;172
54;173
20;174
54;175
48;176
20;177
21;178
38;179
23;180
37;181
18;182
40;183
66;184
36;185
43;186
50;187
30;188
38;189
66;190
43;191
64;192
40;193
26;194
62;195
61;196
24;197
39;198
44;199
65;200
50;201
24;202
50;203
67;204
27;205
19;206
55;207
42;208
48;209
55;210
20;211
36;212
28;213
27;214
61;215
47;216
23;217
58;218
23;219
63;220
32;221
31;222
61;223
59;224
27;225
67;226
63;227
28;228
50;229
51;230
64;231
56;232
59;233
51;234
67;235
39;236
46;237
26;238
39;239
36;240
41;241
57;242
45;243
20;244
63;245
67;246
61;247
42;248
33;249
31;250
57;251
56;252
22;253
27;254
54;255
58;256
49;257
24;258
18;259
27;260
67;261
37;262
53;263
23;264
49;265
24;266
47;267
148;268
111;269
143;270
109;271
85;272
139;273
215;274
161;275
158;276
90;277
86;278
113;279
249;280
265;281
185;282
134;283
189;284
133;285
263;286
181;287
234;288
103;289
99;290
213;291
192;292
78;293
161;294
141;295
170;296
172;297
226;298
242;299
101;300
180;301
161;302
199;303
227;304
148;305
163;306
89;307
242;308
173;309
197;310
183;311
135;312
242;313
78;314
226;315
232;316
82;317
257;318
130;319
247;320
211;321
70;322
107;323
94;324
142;325
164;326
108;327
213;328
170;329
86;330
125;331
167;332
186;333
239;334
91;335
157;336
187;337
187;338
232;339
204;340
187;341
95;342
89;343
114;344
255;345
95;346
169;347
264;348
178;349
119;350
170;351
152;352
84;353
149;354
155;355
222;356
192;357
122;358
247;359
257;360
189;361
97;362
139;363
184;364
77;365
207;366
107;367
188;368
105;369
231;370
122;371
149;372
213;373
76;374
221;375
266;376
165;377
83;378
160;379
178;380
189;381
122;382
81;383
122;384
73;385
262;386
243;387
176;388
137;389
132;390
230;391
113;392
89;393
104;394
85;395
138;396
171;397
88;398
144;399
250;400
183;401
175;402
202;403
122;404
239;405
134;406
115;407
81;408
91;409
177;410
155;411
260;412
144;413
110;414
118;415
157;416
175;417
191;418
189;419
205;420
244;421
109;422
246;423
179;424
158;425
245;426
214;427
167;428
70;429
211;430
220;431
118;432
87;433
253;434
238;435
216;436
225;437
105;438
150;439
238;440
255;441
258;442
256;443
255;444
149;445
71;446
106;447
185;448
105;449
195;450
149;451
97;452
240;453
172;454
135;455
201;456
252;457
68;458
183;459
100;460
230;461
183;462
231;463
216;464
92;465
77;466
123;467
258;468
116;469
175;470
246;471
207;472
266;473
110;474
221;475
164;476
123;477
157;478
121;479
116;480
241;481
215;482
71;483
162;484
161;485
72;486
145;487
146;488
196;489
99;490
247;491
195;492
234;493
184;494
173;495
173;496
158;497
158;498
206;499
177;500
201;501
263;502
153;503
97;504
113;505
185;506
177;507
163;508
113;509
209;510
220;511
109;512
206;513
179;514
165;515
140;516
236;517
244;518
242;519
179;520
230;521
140;522
247;523
226;524
93;525
90;526
94;527
90;528
234;529
72;530
225;531
173;532
94;533
195;534
259;535
260;536
227;537
207;538
93;539
230;540
181;541
196;542
216;543
76;544
238;545
142;546
175;547
122;548
125;549
266;550
184;551
209;552
165;553
97;554
118;555
188;556
99;557
157;558
186;559
173;560
233;561
248;562
257;563
169;564
69;565
163;566
125;567
197;568
140;569
136;570
236;571
135;572
146;573
174;574
240;575
129;576
69;577
174;578
76;579
71;580
74;581
107;582
163;583
200;584
257;585
221;586
149;587
153;588
111;589
214;590
178;591
129;592
210;593
168;594
117;595
225;596
232;597
168;598
81;599
215;600
177;601
100;602
230;603
167;604
254;605
112;606
171;607
149;608
200;609
108;610
179;611
127;612
93;613
249;614
100;615
197;616
98;617
229;618
215;619
168;620
263;621
228;622
134;623
209;624
108;625
150;626
120;627
91;628
91;629
74;630
179;631
70;632
228;633
265;634
219;635
107;636
75;637
226;638
249;639
207;640
88;641
214;642
165;643
74;644
258;645
255;646
101;647
184;648
230;649
229;650
267;651
159;652
115;653
129;654
235;655
124;656
144;657
117;658
205;659
130;660
253;661
267;662
164;663
265;664
134;665
236;666
81;667
138;668
89;669
104;670
228;671
73;672
231;673
216;674
94;675
96;676
185;677
220;678
99;679
95;680
104;681
140;682
135;683
114;684
91;685
87;686
194;687
160;688
121;689
168;690
93;691
193;692
73;693
173;694
86;695
192;696
228;697
87;698
121;699
243;700
175;701
164;702
148;703
230;704
183;705
109;706
114;707
144;708
70;709
113;710
236;711
213;712
229;713
223;714
76;715
98;716
155;717
156;718
191;719
225;720
221;721
207;722
69;723
108;724
201;725
257;726
133;727
99;728
117;729
223;730
75;731
205;732
73;733
200;734
199;735
262;736
107;737
123;738
161;739
97;740
123;741
75;742
151;743
103;744
124;745
89;746
254;747
245;748
100;749
136;750
138;751
191;752
119;753
91;754
157;755
249;756
209;757
234;758
143;759
187;760
258;761
194;762
179;763
199;764
170;765
117;766
132;767
112;768
118;769
243;770
251;771
139;772
168;773
94;774
217;775
264;776
218;777
147;778
110;779
120;780
252;781
192;782
178;783
182;784
176;785
220;786
259;787
137;788
149;789
227;790
95;791
223;792
166;793
177;794
119;795
213;796
158;797
163;798
229;799
84;800
183;801
110;802
76;803
198;804
132;805
218;806
172;807
143;808
222;809
233;810
203;811
158;812
169;813
75;814
97;815
114;816
150;817
177;818
115;819
159;820
130;821
86;822
123;823
236;824
163;825
163;826
105;827
267;828
148;829
99;830
70;831
149;832
244;833
70;834
251;835
152;836
122;837
187;838
213;839
150;840
127;841
211;842
84;843
166;844
140;845
222;846
122;847
202;848
123;849
94;850
211;851
139;852
251;853
223;854
239;855
87;856
214;857
233;858
175;859
242;860
261;861
179;862
149;863
149;864
118;865
118;866
80;867
194;868
195;869
79;870
138;871
175;872
98;873
99;874
183;875
111;876
221;877
151;878
219;879
166;880
128;881
215;882
73;883
140;884
72;885
232;886
215;887
69;888
186;889
140;890
101;891
171;892
77;893
204;894
203;895
78;896
154;897
233;898
72;899
85;900
188;901
92;902
174;903
253;904
145;905
138;906
149;907
260;908
156;909
170;910
88;911
210;912
266;913
148;914
194;915
224;916
80;917
168;918
144;919
246;920
184;921
194;922
232;923
99;924
163;925
226;926
94;927
75;928
125;929
80;930
70;931
103;932
94;933
150;934
244;935
253;936
179;937
125;938
111;939
90;940
116;941
253;942
162;943
205;944
69;945
244;946
81;947
134;948
79;949
96;950
80;951
145;952
87;953
135;954
152;955
244;956
224;957
165;958
137;959
246;960
111;961
103;962
217;963
185;964
98;965
100;966
149;967
105;968
260;969
217;970
173;971
231;972
182;973
239;974
99;975
201;976
203;977
129;978
215;979
190;980
237;981
193;982
139;983
150;984
265;985
255;986
191;987
125;988
91;989
135;990
264;991
143;992
250;993
89;994
158;995
210;996
130;997
236;998
233;999
256;1000
120;1001
245;1002
87;1003
87;1004
194;1005
83;1006
122;1007
71;1008
239;1009
123;1010
187;1011
166;1012
116;1013
192;1014
94;1015
155;1016
121;1017
219;1018
262;1019
203;1020
199;1021
148;1022
262;1023
147;1024
249;1025
184;1026
235;1027
107;1028
197;1029
95;1030
101;1031
124;1032
161;1033
166;1034
183;1035
226;1036
199;1037
119;1038
267;1039
170;1040
116;1041
85;1042
139;1043
176;1044
110;1045
243;1046
146;1047
215;1048
233;1049
94;1050
105;1051
186;1052
95;1053
258;1054
96;1055
129;1056
72;1057
185;1058
115;1059
136;1060
75;1061
189;1062
237;1063
203;1064
183;1065
158;1066
135;1067
98;1068
208;1069
89;1070
158;1071
178;1072
122;1073
106;1074
169;1075
196;1076
178;1077
198;1078
153;1079
81;1080
180;1081
137;1082
162;1083
93;1084
80;1085
234;1086
165;1087
255;1088
176;1089
117;1090
143;1091
116;1092
171;1093
113;1094
220;1095
138;1096
203;1097
223;1098
194;1099
200;1100
178;1101
95;1102
242;1103
80;1104
233;1105
131;1106
96;1107
124;1108
97;1109
81;1110
77;1111
215;1112
136;1113
129;1114
84;1115
204;1116
93;1117
138;1118
125;1119
226;1120
247;1121
251;1122
171;1123
168;1124
168;1125
93;1126
124;1127
255;1128
245;1129
136;1130
194;1131
120;1132
111;1133
120;1134
156;1135
231;1136
141;1137
248;1138
220;1139
141;1140
255;1141
68;1142
92;1143
115;1144
196;1145
247;1146
227;1147
190;1148
257;1149
146;1150
244;1151
129;1152
111;1153
148;1154
242;1155
85;1156
110;1157
115;1158
153;1159
184;1160
104;1161
71;1162
238;1163
189;1164
177;1165
153;1166
73;1167
113;1168
135;1169
87;1170
111;1171
241;1172
262;1173
70;1174
220;1175
158;1176
189;1177
217;1178
68;1179
193;1180
131;1181
188;1182
96;1183
79;1184
72;1185
213;1186
242;1187
142;1188
126;1189
202;1190
196;1191
110;1192
261;1193
105;1194
266;1195
92;1196
93;1197
145;1198
256;1199
153;1200
183;1201
193;1202
256;1203
157;1204
207;1205
133;1206
237;1207
192;1208
132;1209
161;1210
185;1211
71;1212
158;1213
145;1214
249;1215
153;1216
200;1217
266;1218
237;1219
220;1220
191;1221
96;1222
137;1223
243;1224
200;1225
254;1226
231;1227
73;1228
105;1229
173;1230
124;1231
236;1232
104;1233
159;1234
195;1235
75;1236
130;1237
215;1238
257;1239
246;1240
178;1241
160;1242
120;1243
258;1244
90;1245
117;1246
164;1247
231;1248
95;1249
138;1250
228;1251
241;1252
207;1253
183;1254
202;1255
112;1256
135;1257
241;1258
157;1259
152;1260
168;1261
218;1262
174;1263
138;1264
147;1265
116;1266
78;1267
861;1268
800;1269
986;1270
619;1271
1122;1272
895;1273
393;1274
711;1275
1082;1276
733;1277
848;1278
1259;1279
1079;1280
1079;1281
623;1282
563;1283
380;1284
1260;1285
276;1286
778;1287
1217;1288
969;1289
418;1290
745;1291
965;1292
421;1293
803;1294
1257;1295
564;1296
906;1297
839;1298
948;1299
434;1300
578;1301
766;1302
563;1303
334;1304
1086;1305
569;1306
283;1307
732;1308
309;1309
490;1310
557;1311
1113;1312
875;1313
394;1314
322;1315
768;1316
581;1317
273;1318
708;1319
628;1320
944;1321
1122;1322
268;1323
319;1324
525;1325
409;1326
626;1327
1167;1328
558;1329
1072;1330
1147;1331
782;1332
949;1333
1249;1334
1055;1335
842;1336
426;1337
1244;1338
356;1339
998;1340
545;1341
414;1342
1018;1343
469;1344
710;1345
867;1346
1208;1347
350;1348
565;1349
492;1350
300;1351
752;1352
1223;1353
631;1354
522;1355
1099;1356
962;1357
920;1358
663;1359
700;1360
676;1361
1258;1362
1193;1363
368;1364
1182;1365
535;1366
1210;1367
577;1368
879;1369
586;1370
445;1371
845;1372
714;1373
963;1374
1164;1375
598;1376
1091;1377
860;1378
410;1379
967;1380
1054;1381
472;1382
524;1383
406;1384
694;1385
835;1386
472;1387
576;1388
580;1389
355;1390
572;1391
848;1392
1217;1393
911;1394
740;1395
826;1396
455;1397
652;1398
1069;1399
1164;1400
1121;1401
715;1402
366;1403
409;1404
807;1405
720;1406
978;1407
588;1408
783;1409
1225;1410
969;1411
997;1412
634;1413
747;1414
630;1415
705;1416
745;1417
698;1418
1252;1419
688;1420
740;1421
296;1422
1202;1423
840;1424
295;1425
1248;1426
1053;1427
699;1428
358;1429
1041;1430
411;1431
897;1432
1196;1433
577;1434
1073;1435
516;1436
862;1437
792;1438
650;1439
398;1440
903;1441
824;1442
1189;1443
847;1444
1166;1445
568;1446
322;1447
1041;1448
1133;1449
670;1450
396;1451
680;1452
954;1453
274;1454
741;1455
1094;1456
1049;1457
1163;1458
798;1459
739;1460
1127;1461
323;1462
354;1463
324;1464
544;1465
1117;1466
933;1467
377;1468
609;1469
876;1470
367;1471
1109;1472
565;1473
847;1474
761;1475
975;1476
607;1477
1153;1478
330;1479
392;1480
1026;1481
866;1482
958;1483
791;1484
1025;1485
1002;1486
322;1487
986;1488
477;1489
796;1490
415;1491
843;1492
1026;1493
1258;1494
775;1495
407;1496
496;1497
1184;1498
959;1499
923;1500
1140;1501
426;1502
576;1503
911;1504
586;1505
1004;1506
1227;1507
274;1508
1092;1509
764;1510
906;1511
972;1512
473;1513
385;1514
336;1515
268;1516
424;1517
886;1518
1169;1519
391;1520
800;1521
367;1522
521;1523
477;1524
374;1525
753;1526
293;1527
1120;1528
785;1529
722;1530
668;1531
324;1532
1216;1533
392;1534
575;1535
682;1536
763;1537
456;1538
1107;1539
508;1540
1129;1541
1136;1542
827;1543
534;1544
1109;1545
895;1546
965;1547
717;1548
1147;1549
941;1550
899;1551
394;1552
710;1553
417;1554
919;1555
290;1556
457;1557
413;1558
1106;1559
1030;1560
941;1561
514;1562
442;1563
791;1564
1027;1565
984;1566
827;1567
473;1568
755;1569
759;1570
564;1571
564;1572
951;1573
370;1574
1250;1575
870;1576
772;1577
644;1578
951;1579
549;1580
668;1581
663;1582
982;1583
1087;1584
377;1585
743;1586
694;1587
1101;1588
703;1589
419;1590
296;1591
558;1592
736;1593
391;1594
845;1595
666;1596
279;1597
862;1598
578;1599
302;1600
928;1601
934;1602
1182;1603
940;1604
902;1605
723;1606
311;1607
1197;1608
1196;1609
631;1610
1253;1611
410;1612
747;1613
1171;1614
1008;1615
737;1616
551;1617
277;1618
430;1619
634;1620
780;1621
1144;1622
1149;1623
783;1624
483;1625
625;1626
1192;1627
991;1628
805;1629
667;1630
793;1631
332;1632
446;1633
939;1634
423;1635
628;1636
939;1637
1004;1638
844;1639
615;1640
738;1641
1000;1642
1147;1643
1073;1644
411;1645
553;1646
1071;1647
1048;1648
942;1649
578;1650
1213;1651
671;1652
337;1653
1206;1654
1127;1655
928;1656
763;1657
653;1658
1253;1659
751;1660
888;1661
942;1662
452;1663
857;1664
993;1665
1217;1666
787;1667
1062;1668
942;1669
806;1670
533;1671
400;1672
982;1673
599;1674
870;1675
1246;1676
862;1677
624;1678
866;1679
900;1680
1117;1681
681;1682
337;1683
314;1684
298;1685
1140;1686
1018;1687
430;1688
505;1689
366;1690
949;1691
376;1692
779;1693
1224;1694
963;1695
755;1696
599;1697
1046;1698
505;1699
1058;1700
1095;1701
1207;1702
1018;1703
1082;1704
510;1705
375;1706
1189;1707
1169;1708
446;1709
1013;1710
1181;1711
661;1712
1041;1713
1264;1714
698;1715
1212;1716
333;1717
331;1718
894;1719
524;1720
385;1721
306;1722
1135;1723
1035;1724
342;1725
720;1726
1049;1727
651;1728
889;1729
914;1730
1128;1731
298;1732
1213;1733
446;1734
596;1735
378;1736
983;1737
728;1738
654;1739
404;1740
920;1741
855;1742
837;1743
472;1744
468;1745
526;1746
770;1747
716;1748
963;1749
560;1750
498;1751
474;1752
1027;1753
433;1754
712;1755
1101;1756
809;1757
1096;1758
1076;1759
464;1760
356;1761
864;1762
292;1763
912;1764
1250;1765
952;1766
366;1767
476;1768
302;1769
1097;1770
411;1771
1182;1772
273;1773
636;1774
1060;1775
685;1776
849;1777
827;1778
1153;1779
341;1780
616;1781
457;1782
966;1783
1015;1784
1248;1785
1200;1786
1013;1787
925;1788
808;1789
776;1790
462;1791
1120;1792
480;1793
852;1794
1115;1795
753;1796
780;1797
628;1798
633;1799
901;1800
1189;1801
840;1802
1141;1803
409;1804
1088;1805
336;1806
717;1807
705;1808
908;1809
653;1810
1162;1811
340;1812
850;1813
348;1814
398;1815
1069;1816
797;1817
573;1818
371;1819
388;1820
778;1821
504;1822
320;1823
883;1824
821;1825
606;1826
291;1827
497;1828
1109;1829
1231;1830
564;1831
1212;1832
1116;1833
525;1834
667;1835
988;1836
634;1837
337;1838
1161;1839
1160;1840
429;1841
1259;1842
562;1843
344;1844
815;1845
857;1846
515;1847
1141;1848
798;1849
1222;1850
893;1851
780;1852
587;1853
676;1854
901;1855
326;1856
827;1857
982;1858
1181;1859
381;1860
864;1861
750;1862
1227;1863
1207;1864
537;1865
936;1866
298;1867
301;1868
614;1869
699;1870
535;1871
473;1872
610;1873
1177;1874
1051;1875
328;1876
410;1877
477;1878
828;1879
1104;1880
1019;1881
605;1882
1214;1883
1043;1884
947;1885
1202;1886
1167;1887
331;1888
509;1889
773;1890
342;1891
1092;1892
1238;1893
845;1894
1194;1895
892;1896
987;1897
1123;1898
1051;1899
1094;1900
304;1901
622;1902
340;1903
1240;1904
694;1905
880;1906
1025;1907
895;1908
1219;1909
350;1910
1176;1911
832;1912
758;1913
1237;1914
400;1915
545;1916
1008;1917
310;1918
374;1919
304;1920
776;1921
787;1922
498;1923
933;1924
626;1925
709;1926
757;1927
578;1928
1068;1929
1138;1930
1165;1931
1262;1932
501;1933
289;1934
1221;1935
324;1936
294;1937
1060;1938
1068;1939
1098;1940
468;1941
815;1942
890;1943
1148;1944
656;1945
966;1946
968;1947
1023;1948
286;1949
833;1950
761;1951
321;1952
664;1953
1052;1954
654;1955
980;1956
396;1957
708;1958
986;1959
705;1960
830;1961
409;1962
386;1963
716;1964
388;1965
1186;1966
898;1967
1193;1968
644;1969
628;1970
466;1971
619;1972
715;1973
1208;1974
327;1975
511;1976
505;1977
362;1978
870;1979
278;1980
500;1981
690;1982
1033;1983
1038;1984
1177;1985
1095;1986
1080;1987
817;1988
849;1989
314;1990
1089;1991
283;1992
1162;1993
1005;1994
523;1995
1100;1996
326;1997
346;1998
326;1999
397;2000
717;2001
452;2002
557;2003
312;2004
589;2005
626;2006
884;2007
938;2008
1179;2009
518;2010
567;2011
400;2012
888;2013
675;2014
758;2015
941;2016
393;2017
940;2018
346;2019
346;2020
524;2021
1228;2022
824;2023
478;2024
774;2025
990;2026
1020;2027
1100;2028
633;2029
1187;2030
1205;2031
1147;2032
493;2033
722;2034
998;2035
577;2036
1232;2037
643;2038
1066;2039
832;2040
567;2041
1157;2042
937;2043
518;2044
807;2045
1182;2046
541;2047
594;2048
982;2049
822;2050
783;2051
374;2052
323;2053
622;2054
1190;2055
688;2056
990;2057
1241;2058
904;2059
765;2060
554;2061
348;2062
476;2063
1201;2064
408;2065
1129;2066
1267;2067
801;2068
504;2069
580;2070
1027;2071
834;2072
483;2073
393;2074
649;2075
1010;2076
1103;2077
1074;2078
413;2079
304;2080
508;2081
983;2082
718;2083
933;2084
1050;2085
732;2086
1243;2087
384;2088
289;2089
778;2090
1124;2091
302;2092
544;2093
552;2094
870;2095
661;2096
575;2097
1115;2098
1256;2099
354;2100
329;2101
553;2102
1143;2103
892;2104
661;2105
775;2106
287;2107
1151;2108
659;2109
661;2110
722;2111
313;2112
497;2113
478;2114
656;2115
456;2116
943;2117
709;2118
813;2119
321;2120
944;2121
580;2122
300;2123
822;2124
1049;2125
624;2126
1227;2127
294;2128
1199;2129
891;2130
1040;2131
1182;2132
612;2133
1212;2134
1116;2135
1197;2136
536;2137
1097;2138
1039;2139
873;2140
489;2141
1043;2142
296;2143
617;2144
1011;2145
1117;2146
904;2147
712;2148
1154;2149
705;2150
1069;2151
1014;2152
1218;2153
1021;2154
1038;2155
326;2156
1094;2157
379;2158
834;2159
665;2160
1243;2161
1006;2162
1222;2163
962;2164
562;2165
1147;2166
1228;2167
815;2168
742;2169
702;2170
854;2171
1004;2172
849;2173
1055;2174
799;2175
534;2176
434;2177
1251;2178
658;2179
746;2180
1031;2181
1214;2182
511;2183
403;2184
1197;2185
283;2186
555;2187
1086;2188
966;2189
1241;2190
548;2191
355;2192
523;2193
1057;2194
823;2195
570;2196
613;2197
852;2198
672;2199
307;2200
898;2201
548;2202
638;2203
543;2204
943;2205
524;2206
1069;2207
936;2208
1097;2209
1058;2210
890;2211
280;2212
395;2213
582;2214
850;2215
944;2216
596;2217
1124;2218
538;2219
1135;2220
451;2221
722;2222
741;2223
285;2224
718;2225
277;2226
745;2227
305;2228
1257;2229
635;2230
759;2231
921;2232
1132;2233
837;2234
491;2235
686;2236
327;2237
861;2238
1229;2239
349;2240
551;2241
1186;2242
892;2243
832;2244
589;2245
1244;2246
333;2247
719;2248
452;2249
532;2250
1052;2251
1073;2252
550;2253
533;2254
1157;2255
774;2256
398;2257
500;2258
913;2259
446;2260
418;2261
1160;2262
900;2263
939;2264
318;2265
506;2266
385;2267
938;2268
307;2269
456;2270
968;2271
786;2272
1149;2273
718;2274
861;2275
592;2276
310;2277
834;2278
1002;2279
501;2280
330;2281
1242;2282
999;2283
533;2284
1266;2285
531;2286
284;2287
962;2288
1133;2289
1146;2290
1137;2291
629;2292
821;2293
1003;2294
313;2295
882;2296
508;2297
626;2298
379;2299
347;2300
787;2301
722;2302
383;2303
791;2304
347;2305
510;2306
476;2307
601;2308
852;2309
648;2310
1117;2311
1110;2312
965;2313
693;2314
341;2315
925;2316
704;2317
1164;2318
557;2319
414;2320
293;2321
602;2322
889;2323
1075;2324
636;2325
611;2326
1266;2327
685;2328
1186;2329
935;2330
651;2331
749;2332
1233;2333
1264;2334
569;2335
904;2336
299;2337
432;2338
645;2339
313;2340
565;2341
1220;2342
421;2343
1201;2344
873;2345
294;2346
376;2347
891;2348
484;2349
1095;2350
588;2351
791;2352
1000;2353
1067;2354
1027;2355
788;2356
1070;2357
863;2358
997;2359
620;2360
1230;2361
488;2362
655;2363
1118;2364
864;2365
301;2366
940;2367
1011;2368
421;2369
658;2370
1048;2371
932;2372
348;2373
1246;2374
347;2375
1249;2376
1225;2377
497;2378
846;2379
783;2380
856;2381
913;2382
829;2383
1019;2384
696;2385
819;2386
1018;2387
392;2388
1135;2389
1167;2390
808;2391
1085;2392
320;2393
889;2394
751;2395
943;2396
805;2397
800;2398
719;2399
592;2400
543;2401
467;2402
1124;2403
857;2404
568;2405
1200;2406
517;2407
604;2408
516;2409
1086;2410
1054;2411
638;2412
504;2413
734;2414
590;2415
1034;2416
1263;2417
386;2418
977;2419
514;2420
723;2421
1018;2422
1248;2423
1169;2424
687;2425
638;2426
349;2427
628;2428
841;2429
785;2430
346;2431
1204;2432
638;2433
937;2434
763;2435
887;2436
503;2437
727;2438
1073;2439
696;2440
503;2441
851;2442
1115;2443
1114;2444
396;2445
1215;2446
818;2447
518;2448
1063;2449
1199;2450
685;2451
958;2452
866;2453
949;2454
409;2455
888;2456
534;2457
1082;2458
561;2459
617;2460
589;2461
388;2462
351;2463
686;2464
699;2465
785;2466
419;2467
857;2468
774;2469
915;2470
1170;2471
1059;2472
470;2473
1189;2474
452;2475
1165;2476
732;2477
283;2478
438;2479
391;2480
696;2481
537;2482
1051;2483
835;2484
996;2485
1220;2486
749;2487
1028;2488
371;2489
397;2490
1158;2491
302;2492
1121;2493
709;2494
292;2495
974;2496
438;2497
342;2498
403;2499
795;2500
1155;2501
810;2502
1208;2503
665;2504
1193;2505
700;2506
630;2507
398;2508
679;2509
981;2510
838;2511
515;2512
997;2513
568;2514
389;2515
612;2516
1186;2517
1112;2518
1187;2519
612;2520
873;2521
891;2522
899;2523
378;2524
1007;2525
314;2526
343;2527
1024;2528
1210;2529
631;2530
1240;2531
727;2532
1200;2533
686;2534
913;2535
728;2536
1026;2537
1122;2538
714;2539
564;2540
1043;2541
756;2542
984;2543
405;2544
1019;2545
455;2546
1009;2547
1052;2548
871;2549
1206;2550
1107;2551
1227;2552
789;2553
353;2554
423;2555
1185;2556
275;2557
875;2558
875;2559
646;2560
958;2561
932;2562
732;2563
656;2564
596;2565
717;2566
448;2567
788;2568
1007;2569
870;2570
554;2571
1235;2572
1059;2573
367;2574
505;2575
572;2576
773;2577
617;2578
317;2579
845;2580
798;2581
1186;2582
805;2583
861;2584
788;2585
1132;2586
1218;2587
704;2588
560;2589
598;2590
661;2591
594;2592
1043;2593
450;2594
1244;2595
414;2596
310;2597
1101;2598
1235;2599
1020;2600
1171;2601
1016;2602
483;2603
708;2604
799;2605
552;2606
856;2607
1168;2608
898;2609
589;2610
369;2611
623;2612
559;2613
437;2614
389;2615
562;2616
548;2617
766;2618
717;2619
497;2620
1174;2621
441;2622
563;2623
1229;2624
1207;2625
533;2626
888;2627
1039;2628
376;2629
1214;2630
505;2631
950;2632
553;2633
412;2634
366;2635
479;2636
833;2637
1126;2638
788;2639
1040;2640
440;2641
296;2642
880;2643
1192;2644
308;2645
1250;2646
1180;2647
820;2648
818;2649
1086;2650
467;2651
274;2652
768;2653
1120;2654
1110;2655
294;2656
646;2657
476;2658
556;2659
1232;2660
1238;2661
852;2662
704;2663
1017;2664
723;2665
801;2666
397;2667
1118;2668
732;2669
570;2670
1208;2671
380;2672
1001;2673
991;2674
1209;2675
1133;2676
390;2677
723;2678
1178;2679
710;2680
773;2681
537;2682
356;2683
1153;2684
408;2685
553;2686
1017;2687
952;2688
387;2689
1259;2690
630;2691
1090;2692
348;2693
1030;2694
1080;2695
495;2696
1012;2697
344;2698
602;2699
428;2700
787;2701
611;2702
550;2703
732;2704
913;2705
1021;2706
793;2707
956;2708
1063;2709
343;2710
991;2711
972;2712
590;2713
1181;2714
1214;2715
307;2716
711;2717
370;2718
1222;2719
990;2720
1081;2721
801;2722
593;2723
462;2724
1129;2725
839;2726
944;2727
1125;2728
1166;2729
909;2730
304;2731
1239;2732
917;2733
910;2734
276;2735
519;2736
408;2737
868;2738
653;2739
1161;2740
1233;2741
493;2742
957;2743
468;2744
539;2745
749;2746
423;2747
764;2748
1101;2749
459;2750
1019;2751
776;2752
557;2753
402;2754
471;2755
918;2756
1164;2757
358;2758
1241;2759
796;2760
1145;2761
1008;2762
1035;2763
487;2764
271;2765
712;2766
336;2767
770;2768
839;2769
893;2770
481;2771
995;2772
450;2773
307;2774
696;2775
972;2776
537;2777
896;2778
657;2779
914;2780
865;2781
508;2782
921;2783
625;2784
763;2785
811;2786
940;2787
1245;2788
452;2789
1166;2790
575;2791
1128;2792
505;2793
1164;2794
567;2795
952;2796
764;2797
769;2798
1083;2799
913;2800
669;2801
880;2802
633;2803
824;2804
760;2805
570;2806
366;2807
492;2808
383;2809
1254;2810
1170;2811
1186;2812
1041;2813
1050;2814
562;2815
697;2816
1260;2817
725;2818
601;2819
521;2820
946;2821
703;2822
386;2823
448;2824
743;2825
1247;2826
594;2827
944;2828
384;2829
623;2830
981;2831
675;2832
989;2833
399;2834
1060;2835
1171;2836
763;2837
1128;2838
1092;2839
1152;2840
768;2841
883;2842
689;2843
971;2844
508;2845
297;2846
565;2847
542;2848
787;2849
488;2850
1179;2851
1139;2852
1069;2853
686;2854
330;2855
843;2856
1058;2857
598;2858
535;2859
959;2860
593;2861
689;2862
668;2863
1096;2864
720;2865
703;2866
676;2867
534;2868
1202;2869
323;2870
542;2871
765;2872
1013;2873
492;2874
615;2875
919;2876
1106;2877
314;2878
583;2879
726;2880
687;2881
494;2882
854;2883
1164;2884
438;2885
816;2886
479;2887
1066;2888
908;2889
380;2890
1238;2891
1259;2892
896;2893
893;2894
605;2895
400;2896
887;2897
820;2898
288;2899
1241;2900
1007;2901
289;2902
1089;2903
656;2904
360;2905
1067;2906
989;2907
609;2908
1202;2909
629;2910
1053;2911
1052;2912
834;2913
332;2914
938;2915
318;2916
799;2917
483;2918
638;2919
816;2920
471;2921
428;2922
1126;2923
816;2924
673;2925
1148;2926
1003;2927
502;2928
565;2929
1088;2930
433;2931
1200;2932
650;2933
607;2934
691;2935
488;2936
834;2937
1018;2938
522;2939
1230;2940
281;2941
304;2942
1133;2943
288;2944
1041;2945
1230;2946
807;2947
372;2948
781;2949
675;2950
1078;2951
764;2952
311;2953
428;2954
557;2955
576;2956
292;2957
503;2958
914;2959
1058;2960
972;2961
521;2962
302;2963
546;2964
1035;2965
394;2966
1100;2967
1070;2968
654;2969
939;2970
678;2971
402;2972
1105;2973
1026;2974
1165;2975
544;2976
1150;2977
354;2978
346;2979
343;2980
784;2981
1007;2982
988;2983
1048;2984
1018;2985
693;2986
288;2987
283;2988
1028;2989
1118;2990
822;2991
887;2992
1209;2993
423;2994
365;2995
1021;2996
870;2997
1079;2998
668;2999
466;3000
1119;3001
888;3002
1147;3003
587;3004
1071;3005
599;3006
703;3007
792;3008
1029;3009
291;3010
577;3011
548;3012
737;3013
475;3014
370;3015
538;3016
1260;3017
939;3018
858;3019
750;3020
653;3021
566;3022
707;3023
363;3024
495;3025
1258;3026
684;3027
842;3028
553;3029
762;3030
559;3031
1197;3032
987;3033
814;3034
786;3035
518;3036
659;3037
285;3038
776;3039
1013;3040
671;3041
1242;3042
649;3043
1049;3044
827;3045
999;3046
378;3047
731;3048
497;3049
859;3050
1266;3051
293;3052
674;3053
1057;3054
505;3055
725;3056
646;3057
756;3058
844;3059
379;3060
926;3061
586;3062
608;3063
415;3064
1097;3065
913;3066
1267;3067
353;3068
365;3069
842;3070
441;3071
480;3072
1153;3073
1232;3074
769;3075
875;3076
523;3077
353;3078
412;3079
680;3080
899;3081
1126;3082
752;3083
803;3084
1008;3085
1127;3086
848;3087
1046;3088
506;3089
328;3090
1053;3091
773;3092
526;3093
689;3094
586;3095
1026;3096
613;3097
1122;3098
422;3099
305;3100
597;3101
973;3102
846;3103
881;3104
684;3105
1160;3106
273;3107
542;3108
974;3109
482;3110
1041;3111
843;3112
1081;3113
768;3114
826;3115
779;3116
588;3117
1250;3118
935;3119
509;3120
597;3121
740;3122
993;3123
762;3124
794;3125
836;3126
1147;3127
1025;3128
1018;3129
351;3130
1211;3131
375;3132
703;3133
984;3134
347;3135
652;3136
398;3137
1043;3138
281;3139
433;3140
800;3141
1034;3142
392;3143
438;3144
470;3145
716;3146
1158;3147
1263;3148
384;3149
307;3150
1174;3151
702;3152
775;3153
442;3154
909;3155
1090;3156
805;3157
766;3158
411;3159
1034;3160
1163;3161
828;3162
696;3163
676;3164
277;3165
571;3166
388;3167
713;3168
569;3169
1005;3170
1212;3171
1169;3172
960;3173
545;3174
803;3175
598;3176
897;3177
1178;3178
648;3179
845;3180
933;3181
437;3182
412;3183
565;3184
803;3185
969;3186
477;3187
1090;3188
896;3189
1242;3190
999;3191
648;3192
799;3193
887;3194
525;3195
751;3196
741;3197
483;3198
1226;3199
606;3200
1217;3201
1032;3202
1005;3203
1140;3204
1218;3205
406;3206
436;3207
804;3208
1000;3209
1117;3210
753;3211
278;3212
593;3213
694;3214
451;3215
421;3216
749;3217
336;3218
273;3219
587;3220
986;3221
460;3222
472;3223
978;3224
364;3225
818;3226
737;3227
606;3228
364;3229
330;3230
907;3231
747;3232
876;3233
428;3234
336;3235
626;3236
919;3237
840;3238
1172;3239
499;3240
621;3241
911;3242
282;3243
1218;3244
465;3245
549;3246
559;3247
1108;3248
1201;3249
1156;3250
704;3251
866;3252
1014;3253
581;3254
644;3255
907;3256
1053;3257
680;3258
1224;3259
528;3260
842;3261
822;3262
924;3263
943;3264
475;3265
347;3266
874;3267
424;3268
373;3269
1016;3270
489;3271
554;3272
450;3273
537;3274
845;3275
372;3276
397;3277
1084;3278
802;3279
869;3280
928;3281
1052;3282
660;3283
606;3284
857;3285
1058;3286
1141;3287
874;3288
887;3289
551;3290
1257;3291
1094;3292
1022;3293
1160;3294
898;3295
952;3296
1199;3297
752;3298
482;3299
440;3300
270;3301
1070;3302
505;3303
489;3304
361;3305
1219;3306
1090;3307
897;3308
418;3309
414;3310
436;3311
754;3312
1163;3313
268;3314
599;3315
347;3316
1185;3317
1261;3318
321;3319
408;3320
791;3321
1094;3322
718;3323
703;3324
948;3325
751;3326
602;3327
577;3328
780;3329
1046;3330
388;3331
514;3332
841;3333
670;3334
654;3335
1060;3336
662;3337
991;3338
753;3339
631;3340
587;3341
1126;3342
802;3343
592;3344
811;3345
348;3346
1172;3347
887;3348
1130;3349
487;3350
1246;3351
438;3352
1236;3353
916;3354
1121;3355
552;3356
996;3357
414;3358
1128;3359
715;3360
841;3361
720;3362
769;3363
979;3364
1075;3365
524;3366
969;3367
391;3368
839;3369
1189;3370
713;3371
935;3372
624;3373
450;3374
293;3375
1154;3376
642;3377
1143;3378
745;3379
1057;3380
954;3381
622;3382
1013;3383
702;3384
486;3385
899;3386
841;3387
1165;3388
1210;3389
1229;3390
463;3391
659;3392
651;3393
451;3394
1223;3395
1033;3396
278;3397
468;3398
720;3399
637;3400
806;3401
467;3402
273;3403
868;3404
585;3405
604;3406
364;3407
1200;3408
645;3409
1205;3410
527;3411
782;3412
1211;3413
281;3414
889;3415
547;3416
302;3417
930;3418
549;3419
925;3420
758;3421
675;3422
312;3423
980;3424
989;3425
527;3426
548;3427
908;3428
326;3429
1262;3430
853;3431
1111;3432
299;3433
1151;3434
1003;3435
1217;3436
750;3437
890;3438
915;3439
733;3440
770;3441
445;3442
752;3443
1035;3444
1163;3445
931;3446
1036;3447
826;3448
1094;3449
374;3450
307;3451
646;3452
297;3453
895;3454
1183;3455
998;3456
424;3457
990;3458
1021;3459
449;3460
1159;3461
1139;3462
402;3463
352;3464
697;3465
1122;3466
1134;3467
390;3468
325;3469
722;3470
920;3471
995;3472
331;3473
589;3474
367;3475
1146;3476
825;3477
552;3478
1141;3479
466;3480
938;3481
896;3482
1023;3483
285;3484
608;3485
1125;3486
956;3487
1136;3488
1189;3489
592;3490
1187;3491
994;3492
441;3493
1195;3494
868;3495
1007;3496
1234;3497
643;3498
796;3499
282;3500
1231;3501
948;3502
680;3503
694;3504
1125;3505
951;3506
953;3507
330;3508
334;3509
465;3510
1112;3511
1047;3512
781;3513
419;3514
1014;3515
541;3516
353;3517
444;3518
722;3519
313;3520
550;3521
891;3522
471;3523
973;3524
785;3525
687;3526
445;3527
918;3528
1032;3529
1130;3530
1125;3531
1231;3532
271;3533
586;3534
548;3535
842;3536
627;3537
388;3538
617;3539
745;3540
849;3541
1124;3542
981;3543
356;3544
847;3545
1220;3546
742;3547
358;3548
387;3549
1208;3550
360;3551
454;3552
1015;3553
356;3554
458;3555
593;3556
873;3557
909;3558
1256;3559
288;3560
1053;3561
441;3562
1075;3563
278;3564
490;3565
921;3566
651;3567
739;3568
351;3569
1166;3570
1009;3571
1233;3572
520;3573
583;3574
1125;3575
965;3576
925;3577
1233;3578
1191;3579
1153;3580
463;3581
1033;3582
1041;3583
1023;3584
403;3585
585;3586
322;3587
656;3588
990;3589
561;3590
450;3591
553;3592
411;3593
846;3594
591;3595
691;3596
499;3597
1123;3598
460;3599
547;3600
1172;3601
472;3602
449;3603
570;3604
533;3605
982;3606
718;3607
538;3608
362;3609
769;3610
631;3611
860;3612
640;3613
625;3614
1058;3615
925;3616
803;3617
728;3618
1117;3619
914;3620
971;3621
1119;3622
442;3623
305;3624
1240;3625
1122;3626
867;3627
662;3628
427;3629
818;3630
850;3631
483;3632
987;3633
712;3634
623;3635
929;3636
1098;3637
966;3638
1083;3639
563;3640
480;3641
618;3642
984;3643
1259;3644
783;3645
832;3646
1117;3647
1028;3648
1081;3649
543;3650
360;3651
793;3652
1059;3653
483;3654
532;3655
491;3656
746;3657
535;3658
300;3659
1212;3660
386;3661
797;3662
942;3663
914;3664
458;3665
754;3666
411;3667
746;3668
868;3669
598;3670
649;3671
845;3672
654;3673
942;3674
870;3675
1190;3676
302;3677
598;3678
986;3679
375;3680
912;3681
635;3682
1158;3683
1190;3684
276;3685
430;3686
699;3687
754;3688
610;3689
612;3690
931;3691
1192;3692
370;3693
459;3694
1203;3695
634;3696
581;3697
434;3698
746;3699
827;3700
458;3701
1038;3702
290;3703
717;3704
1096;3705
899;3706
735;3707
875;3708
857;3709
979;3710
713;3711
1016;3712
676;3713
752;3714
1122;3715
517;3716
526;3717
1008;3718
650;3719
883;3720
613;3721
762;3722
962;3723
678;3724
575;3725
309;3726
1262;3727
1219;3728
1166;3729
507;3730
1049;3731
1225;3732
1190;3733
1217;3734
787;3735
378;3736
699;3737
704;3738
1060;3739
543;3740
1244;3741
859;3742
678;3743
875;3744
297;3745
435;3746
792;3747
438;3748
1212;3749
575;3750
1175;3751
879;3752
1256;3753
982;3754
1233;3755
804;3756
471;3757
1242;3758
1263;3759
849;3760
1037;3761
410;3762
401;3763
947;3764
609;3765
1075;3766
1250;3767
323;3768
1261;3769
360;3770
584;3771
1079;3772
1052;3773
412;3774
1088;3775
622;3776
737;3777
673;3778
437;3779
739;3780
268;3781
942;3782
419;3783
473;3784
1172;3785
444;3786
576;3787
582;3788
350;3789
457;3790
509;3791
1146;3792
476;3793
715;3794
360;3795
1009;3796
518;3797
425;3798
969;3799
836;3800
1133;3801
1062;3802
651;3803
273;3804
756;3805
431;3806
620;3807
370;3808
750;3809
831;3810
971;3811
671;3812
983;3813
485;3814
1202;3815
751;3816
952;3817
653;3818
1119;3819
742;3820
991;3821
516;3822
1049;3823
1206;3824
366;3825
664;3826
399;3827
593;3828
1049;3829
1225;3830
404;3831
677;3832
1059;3833
602;3834
1187;3835
557;3836
1107;3837
958;3838
1015;3839
1161;3840
702;3841
879;3842
671;3843
814;3844
341;3845
623;3846
768;3847
953;3848
1026;3849
1261;3850
868;3851
295;3852
495;3853
1174;3854
891;3855
450;3856
1054;3857
508;3858
645;3859
638;3860
616;3861
781;3862
1110;3863
269;3864
893;3865
881;3866
1037;3867
675;3868
1204;3869
347;3870
929;3871
503;3872
409;3873
779;3874
460;3875
313;3876
484;3877
577;3878
713;3879
363;3880
615;3881
661;3882
937;3883
452;3884
703;3885
422;3886
559;3887
586;3888
664;3889
959;3890
1108;3891
760;3892
303;3893
535;3894
1249;3895
1245;3896
699;3897
451;3898
435;3899
675;3900
966;3901
797;3902
1122;3903
376;3904
744;3905
1093;3906
352;3907
622;3908
970;3909
1018;3910
371;3911
939;3912
1151;3913
682;3914
1090;3915
1094;3916
280;3917
432;3918
594;3919
399;3920
856;3921
787;3922
661;3923
970;3924
733;3925
279;3926
765;3927
937;3928
1250;3929
954;3930
679;3931
700;3932
1057;3933
323;3934
578;3935
703;3936
532;3937
1027;3938
917;3939
386;3940
886;3941
1094;3942
1089;3943
1198;3944
729;3945
782;3946
649;3947
1067;3948
752;3949
997;3950
611;3951
1132;3952
815;3953
1263;3954
641;3955
382;3956
1072;3957
451;3958
702;3959
812;3960
1045;3961
660;3962
1159;3963
958;3964
349;3965
421;3966
275;3967
613;3968
1238;3969
1224;3970
992;3971
872;3972
532;3973
470;3974
795;3975
1100;3976
897;3977
1013;3978
1161;3979
733;3980
713;3981
317;3982
743;3983
556;3984
308;3985
392;3986
1156;3987
769;3988
739;3989
643;3990
319;3991
1178;3992
881;3993
970;3994
646;3995
526;3996
703;3997
613;3998
959;3999
571;4000
1053;4001
1106;4002
292;4003
823;4004
541;4005
451;4006
568;4007
633;4008
695;4009
285;4010
725;4011
600;4012
572;4013
919;4014
304;4015
878;4016
382;4017
633;4018
1017;4019
305;4020
812;4021
1024;4022
673;4023
522;4024
447;4025
354;4026
815;4027
364;4028
397;4029
1012;4030
416;4031
916;4032
773;4033
709;4034
1182;4035
549;4036
621;4037
1263;4038
737;4039
973;4040
900;4041
517;4042
1208;4043
1113;4044
1193;4045
1122;4046
1222;4047
1018;4048
1108;4049
804;4050
850;4051
737;4052
309;4053
346;4054
602;4055
649;4056
307;4057
418;4058
891;4059
1009;4060
921;4061
1099;4062
1171;4063
371;4064
659;4065
792;4066
1010;4067
348;4068
613;4069
1217;4070
920;4071
1035;4072
577;4073
700;4074
678;4075
290;4076
456;4077
1241;4078
1032;4079
531;4080
1006;4081
936;4082
1028;4083
1172;4084
349;4085
1124;4086
1202;4087
711;4088
1256;4089
387;4090
1080;4091
464;4092
852;4093
535;4094
578;4095
898;4096
794;4097
820;4098
1142;4099
1080;4100
517;4101
978;4102
1086;4103
318;4104
651;4105
855;4106
752;4107
488;4108
1046;4109
1225;4110
715;4111
549;4112
1032;4113
973;4114
1064;4115
458;4116
551;4117
781;4118
955;4119
314;4120
887;4121
676;4122
1199;4123
453;4124
962;4125
559;4126
547;4127
273;4128
684;4129
480;4130
287;4131
1068;4132
692;4133
940;4134
400;4135
549;4136
541;4137
741;4138
881;4139
1077;4140
1267;4141
918;4142
593;4143
367;4144
494;4145
498;4146
286;4147
994;4148
600;4149
494;4150
333;4151
894;4152
562;4153
1013;4154
997;4155
891;4156
1114;4157
739;4158
870;4159
698;4160
918;4161
877;4162
604;4163
822;4164
666;4165
755;4166
1220;4167
839;4168
280;4169
619;4170
616;4171
595;4172
622;4173
1110;4174
723;4175
423;4176
741;4177
1142;4178
1028;4179
778;4180
483;4181
813;4182
982;4183
442;4184
957;4185
667;4186
529;4187
680;4188
301;4189
944;4190
1140;4191
853;4192
1258;4193
348;4194
914;4195
766;4196
842;4197
621;4198
353;4199
480;4200
1033;4201
810;4202
646;4203
579;4204
566;4205
1036;4206
590;4207
730;4208
958;4209
746;4210
298;4211
427;4212
907;4213
866;4214
438;4215
907;4216
628;4217
846;4218
709;4219
693;4220
1051;4221
291;4222
1037;4223
1264;4224
558;4225
837;4226
1029;4227
770;4228
508;4229
652;4230
1211;4231
818;4232
402;4233
655;4234
889;4235
1239;4236
1138;4237
394;4238
367;4239
673;4240
491;4241
484;4242
381;4243
852;4244
564;4245
450;4246
1153;4247
430;4248
1053;4249
1064;4250
1020;4251
678;4252
831;4253
686;4254
628;4255
1037;4256
490;4257
696;4258
1190;4259
881;4260
553;4261
595;4262
1056;4263
639;4264
913;4265
376;4266
948;4267
1173;4268
971;4269
1251;4270
916;4271
1048;4272
919;4273
593;4274
782;4275
816;4276
813;4277
669;4278
498;4279
1147;4280
681;4281
774;4282
1042;4283
743;4284
561;4285
1113;4286
1214;4287
728;4288
428;4289
1214;4290
1162;4291
449;4292
677;4293
563;4294
271;4295
813;4296
1117;4297
610;4298
1049;4299
743;4300
939;4301
444;4302
967;4303
1197;4304
368;4305
660;4306
862;4307
936;4308
696;4309
1265;4310
696;4311
688;4312
461;4313
919;4314
297;4315
901;4316
497;4317
409;4318
892;4319
902;4320
783;4321
350;4322
881;4323
852;4324
1017;4325
686;4326
1236;4327
291;4328
600;4329
892;4330
523;4331
438;4332
850;4333
908;4334
751;4335
968;4336
361;4337
1242;4338
647;4339
291;4340
1028;4341
883;4342
1172;4343
1076;4344
937;4345
666;4346
833;4347
791;4348
1152;4349
465;4350
1138;4351
1203;4352
433;4353
736;4354
645;4355
1008;4356
1163;4357
513;4358
447;4359
751;4360
1227;4361
997;4362
1211;4363
472;4364
598;4365
403;4366
568;4367
334;4368
1183;4369
299;4370
479;4371
859;4372
740;4373
738;4374
518;4375
968;4376
885;4377
722;4378
515;4379
1083;4380
449;4381
1264;4382
740;4383
780;4384
924;4385
381;4386
1090;4387
886;4388
1125;4389
607;4390
1161;4391
1210;4392
1198;4393
431;4394
518;4395
741;4396
1007;4397
1253;4398
339;4399
275;4400
1034;4401
301;4402
966;4403
961;4404
684;4405
1155;4406
800;4407
749;4408
1150;4409
662;4410
340;4411
1069;4412
695;4413
1248;4414
534;4415
1172;4416
1001;4417
818;4418
391;4419
1000;4420
1063;4421
889;4422
930;4423
814;4424
999;4425
292;4426
717;4427
760;4428
1115;4429
1011;4430
329;4431
567;4432
1099;4433
675;4434
1116;4435
1110;4436
1010;4437
1055;4438
308;4439
640;4440
677;4441
1001;4442
1217;4443
791;4444
912;4445
933;4446
718;4447
706;4448
1074;4449
395;4450
374;4451
417;4452
1135;4453
536;4454
1044;4455
1113;4456
861;4457
1039;4458
1078;4459
382;4460
1007;4461
441;4462
643;4463
690;4464
940;4465
615;4466
413;4467
1202;4468
516;4469
1082;4470
762;4471
483;4472
538;4473
367;4474
605;4475
925;4476
978;4477
343;4478
737;4479
1188;4480
994;4481
771;4482
1038;4483
518;4484
1043;4485
534;4486
618;4487
570;4488
973;4489
723;4490
606;4491
1074;4492
729;4493
984;4494
532;4495
849;4496
549;4497
876;4498
304;4499
1047;4500
411;4501
419;4502
802;4503
563;4504
294;4505
494;4506
1169;4507
647;4508
845;4509
639;4510
998;4511
566;4512
582;4513
1235;4514
1001;4515
430;4516
849;4517
917;4518
580;4519
754;4520
998;4521
718;4522
957;4523
569;4524
426;4525
1029;4526
1092;4527
979;4528
399;4529
418;4530
890;4531
567;4532
1147;4533
661;4534
531;4535
920;4536
501;4537
296;4538
1139;4539
484;4540
865;4541
578;4542
419;4543
866;4544
280;4545
533;4546
640;4547
1006;4548
788;4549
1031;4550
1159;4551
797;4552
683;4553
756;4554
901;4555
1189;4556
442;4557
1263;4558
620;4559
927;4560
427;4561
869;4562
1141;4563
781;4564
589;4565
803;4566
651;4567
655;4568
1154;4569
1216;4570
764;4571
931;4572
441;4573
1159;4574
805;4575
761;4576
447;4577
763;4578
1186;4579
656;4580
282;4581
952;4582
1237;4583
334;4584
618;4585
498;4586
584;4587
479;4588
497;4589
421;4590
552;4591
891;4592
1064;4593
1014;4594
1076;4595
390;4596
933;4597
469;4598
633;4599
778;4600
738;4601
851;4602
1202;4603
921;4604
1196;4605
280;4606
1128;4607
1032;4608
1134;4609
1106;4610
1069;4611
1074;4612
804;4613
1187;4614
501;4615
1027;4616
475;4617
640;4618
948;4619
301;4620
676;4621
909;4622
369;4623
1242;4624
605;4625
787;4626
336;4627
545;4628
834;4629
1252;4630
815;4631
1134;4632
1027;4633
818;4634
1161;4635
349;4636
1261;4637
1085;4638
325;4639
725;4640
848;4641
803;4642
521;4643
518;4644
530;4645
1084;4646
1025;4647
455;4648
974;4649
1226;4650
934;4651
1146;4652
518;4653
501;4654
974;4655
1002;4656
735;4657
449;4658
309;4659
891;4660
540;4661
833;4662
552;4663
361;4664
1028;4665
462;4666
1018;4667
1118;4668
1207;4669
333;4670
1195;4671
1192;4672
403;4673
803;4674
578;4675
330;4676
480;4677
501;4678
517;4679
867;4680
1047;4681
863;4682
756;4683
743;4684
368;4685
817;4686
1170;4687
1068;4688
320;4689
594;4690
1076;4691
917;4692
342;4693
469;4694
757;4695
387;4696
720;4697
353;4698
755;4699
470;4700
370;4701
823;4702
871;4703
488;4704
880;4705
766;4706
575;4707
850;4708
277;4709
863;4710
708;4711
1149;4712
1194;4713
382;4714
1005;4715
1175;4716
721;4717
1064;4718
926;4719
467;4720
871;4721
1093;4722
918;4723
897;4724
1041;4725
735;4726
268;4727
525;4728
1040;4729
684;4730
883;4731
545;4732
772;4733
914;4734
448;4735
604;4736
787;4737
762;4738
794;4739
558;4740
1242;4741
928;4742
574;4743
538;4744
1156;4745
812;4746
522;4747
617;4748
549;4749
962;4750
842;4751
783;4752
584;4753
908;4754
718;4755
382;4756
1042;4757
1236;4758
454;4759
767;4760
274;4761
594;4762
1182;4763
1265;4764
789;4765
749;4766
775;4767
435;4768
451;4769
335;4770
1046;4771
710;4772
957;4773
579;4774
364;4775
1215;4776
1150;4777
721;4778
618;4779
921;4780
971;4781
819;4782
1110;4783
455;4784
466;4785
1065;4786
379;4787
1049;4788
505;4789
486;4790
582;4791
781;4792
580;4793
595;4794
1052;4795
811;4796
751;4797
373;4798
969;4799
575;4800
1217;4801
892;4802
483;4803
852;4804
956;4805
426;4806
599;4807
428;4808
464;4809
1052;4810
673;4811
1072;4812
443;4813
1140;4814
429;4815
892;4816
946;4817
428;4818
601;4819
1247;4820
796;4821
753;4822
937;4823
877;4824
1075;4825
694;4826
1066;4827
1011;4828
543;4829
502;4830
1223;4831
537;4832
751;4833
1224;4834
1144;4835
1122;4836
578;4837
647;4838
416;4839
581;4840
609;4841
1012;4842
630;4843
1117;4844
1031;4845
590;4846
728;4847
583;4848
703;4849
844;4850
670;4851
1048;4852
695;4853
273;4854
1048;4855
1230;4856
681;4857
324;4858
1259;4859
686;4860
630;4861
929;4862
1092;4863
411;4864
1266;4865
735;4866
1053;4867
548;4868
287;4869
1106;4870
989;4871
475;4872
481;4873
945;4874
1001;4875
530;4876
569;4877
1120;4878
650;4879
292;4880
597;4881
705;4882
1077;4883
659;4884
601;4885
839;4886
841;4887
1024;4888
472;4889
1084;4890
488;4891
900;4892
783;4893
718;4894
1144;4895
548;4896
377;4897
344;4898
516;4899
432;4900
601;4901
1008;4902
759;4903
1232;4904
1006;4905
875;4906
749;4907
1242;4908
1262;4909
1237;4910
315;4911
1067;4912
943;4913
667;4914
972;4915
1250;4916
1198;4917
991;4918
766;4919
523;4920
554;4921
889;4922
868;4923
652;4924
328;4925
371;4926
325;4927
922;4928
618;4929
550;4930
818;4931
646;4932
716;4933
1213;4934
559;4935
381;4936
751;4937
405;4938
1169;4939
1035;4940
343;4941
600;4942
1061;4943
1018;4944
691;4945
1112;4946
423;4947
1162;4948
422;4949
871;4950
574;4951
855;4952
472;4953
843;4954
358;4955
716;4956
519;4957
603;4958
854;4959
827;4960
1049;4961
944;4962
534;4963
838;4964
811;4965
1104;4966
566;4967
974;4968
290;4969
411;4970
1058;4971
1056;4972
337;4973
1159;4974
1072;4975
984;4976
996;4977
1024;4978
589;4979
1248;4980
1141;4981
637;4982
1194;4983
1059;4984
724;4985
1033;4986
1173;4987
487;4988
456;4989
596;4990
747;4991
501;4992
739;4993
638;4994
609;4995
471;4996
961;4997
1262;4998
988;4999
533;5000
529;5001
886;5002
1033;5003
1223;5004
291;5005
411;5006
390;5007
925;5008
688;5009
705;5010
673;5011
1093;5012
766;5013
1085;5014
317;5015
1119;5016
809;5017
329;5018
1202;5019
792;5020
650;5021
284;5022
847;5023
715;5024
300;5025
1250;5026
784;5027
1162;5028
1085;5029
602;5030
1077;5031
819;5032
771;5033
557;5034
856;5035
609;5036
917;5037
336;5038
1020;5039
345;5040
846;5041
362;5042
1265;5043
839;5044
1067;5045
383;5046
812;5047
430;5048
1085;5049
793;5050
1134;5051
1139;5052
357;5053
855;5054
1212;5055
747;5056
892;5057
933;5058
463;5059
1037;5060
342;5061
1053;5062
968;5063
709;5064
1105;5065
551;5066
744;5067
730;5068
1178;5069
1169;5070
1024;5071
423;5072
934;5073
606;5074
342;5075
454;5076
931;5077
857;5078
615;5079
732;5080
808;5081
1067;5082
977;5083
1025;5084
1107;5085
1239;5086
710;5087
1178;5088
289;5089
679;5090
856;5091
568;5092
274;5093
906;5094
1116;5095
667;5096
287;5097
276;5098
498;5099
598;5100
705;5101
422;5102
533;5103
1144;5104
496;5105
866;5106
958;5107
1054;5108
602;5109
813;5110
736;5111
937;5112
949;5113
473;5114
1056;5115
1109;5116
856;5117
1215;5118
631;5119
1182;5120
1169;5121
1000;5122
1156;5123
858;5124
424;5125
461;5126
1059;5127
419;5128
479;5129
583;5130
453;5131
371;5132
294;5133
814;5134
884;5135
1235;5136
1132;5137
308;5138
1066;5139
398;5140
821;5141
624;5142
1245;5143
338;5144
603;5145
1159;5146
590;5147
1218;5148
503;5149
941;5150
481;5151
474;5152
578;5153
435;5154
702;5155
545;5156
506;5157
1226;5158
1209;5159
490;5160
1058;5161
631;5162
295;5163
408;5164
1166;5165
1188;5166
1235;5167
718;5168
394;5169
1122;5170
1238;5171
652;5172
294;5173
722;5174
1156;5175
1029;5176
1142;5177
1025;5178
481;5179
657;5180
318;5181
725;5182
717;5183
676;5184
471;5185
478;5186
1057;5187
657;5188
872;5189
1102;5190
395;5191
363;5192
1260;5193
447;5194
786;5195
1203;5196
860;5197
1009;5198
796;5199
392;5200
434;5201
1042;5202
482;5203
391;5204
1231;5205
768;5206
1026;5207
887;5208
634;5209
1035;5210
592;5211
693;5212
463;5213
483;5214
360;5215
1086;5216
787;5217
636;5218
757;5219
529;5220
788;5221
382;5222
1235;5223
735;5224
284;5225
275;5226
657;5227
1090;5228
698;5229
677;5230
1252;5231
1146;5232
370;5233
631;5234
637;5235
1236;5236
585;5237
1124;5238
334;5239
712;5240
1236;5241
1136;5242
935;5243
575;5244
502;5245
986;5246
354;5247
934;5248
927;5249
1097;5250
667;5251
1164;5252
750;5253
284;5254
1242;5255
1255;5256
549;5257
1015;5258
930;5259
1186;5260
599;5261
314;5262
412;5263
1135;5264
522;5265
449;5266
846;5267
277;5268
399;5269
799;5270
427;5271
411;5272
979;5273
749;5274
1048;5275
307;5276
330;5277
878;5278
1089;5279
482;5280
1155;5281
1025;5282
944;5283
568;5284
648;5285
900;5286
692;5287
1111;5288
429;5289
697;5290
444;5291
446;5292
1226;5293
799;5294
1256;5295
423;5296
1027;5297
1096;5298
1097;5299
952;5300
453;5301
641;5302
1168;5303
1215;5304
380;5305
1073;5306
434;5307
298;5308
777;5309
476;5310
581;5311
681;5312
908;5313
650;5314
1198;5315
1129;5316
539;5317
904;5318
596;5319
297;5320
1070;5321
294;5322
607;5323
297;5324
1178;5325
749;5326
303;5327
1020;5328
1160;5329
415;5330
1203;5331
685;5332
315;5333
820;5334
654;5335
1048;5336
880;5337
1007;5338
805;5339
441;5340
429;5341
370;5342
283;5343
625;5344
1186;5345
496;5346
362;5347
697;5348
335;5349
383;5350
1259;5351
755;5352
743;5353
693;5354
1144;5355
1187;5356
817;5357
718;5358
405;5359
1145;5360
885;5361
1096;5362
920;5363
268;5364
586;5365
755;5366
748;5367
1189;5368
1192;5369
531;5370
399;5371
598;5372
940;5373
820;5374
642;5375
1247;5376
896;5377
952;5378
1001;5379
366;5380
757;5381
772;5382
1034;5383
1119;5384
1140;5385
852;5386
468;5387
396;5388
492;5389
795;5390
400;5391
1092;5392
1232;5393
414;5394
498;5395
943;5396
352;5397
1029;5398
365;5399
1002;5400
681;5401
557;5402
1176;5403
897;5404
375;5405
523;5406
499;5407
524;5408
457;5409
1015;5410
943;5411
576;5412
604;5413
995;5414
1265;5415
741;5416
952;5417
872;5418
800;5419
797;5420
859;5421
1172;5422
541;5423
1046;5424
1189;5425
402;5426
603;5427
700;5428
651;5429
945;5430
416;5431
861;5432
1022;5433
1225;5434
1139;5435
303;5436
1033;5437
1195;5438
1086;5439
662;5440
915;5441
317;5442
1081;5443
470;5444
454;5445
282;5446
414;5447
917;5448
302;5449
1123;5450
1081;5451
511;5452
433;5453
674;5454
598;5455
279;5456
853;5457
760;5458
763;5459
1146;5460
620;5461
460;5462
911;5463
1158;5464
1104;5465
1262;5466
859;5467
683;5468
730;5469
487;5470
732;5471
904;5472
537;5473
826;5474
718;5475
388;5476
1030;5477
554;5478
939;5479
1054;5480
794;5481
1214;5482
613;5483
613;5484
1181;5485
458;5486
529;5487
617;5488
1094;5489
1160;5490
767;5491
1058;5492
830;5493
735;5494
947;5495
366;5496
952;5497
1144;5498
618;5499
1049;5500
799;5501
537;5502
332;5503
1068;5504
642;5505
704;5506
925;5507
294;5508
1255;5509
824;5510
397;5511
364;5512
500;5513
1266;5514
736;5515
1117;5516
381;5517
391;5518
831;5519
997;5520
570;5521
397;5522
1162;5523
623;5524
582;5525
731;5526
714;5527
834;5528
1230;5529
352;5530
1257;5531
1155;5532
1263;5533
784;5534
454;5535
675;5536
1107;5537
1231;5538
1174;5539
791;5540
467;5541
413;5542
1128;5543
964;5544
495;5545
1062;5546
285;5547
471;5548
1019;5549
1030;5550
630;5551
806;5552
883;5553
1066;5554
423;5555
844;5556
1148;5557
811;5558
805;5559
316;5560
1087;5561
813;5562
639;5563
820;5564
503;5565
978;5566
1237;5567
811;5568
438;5569
651;5570
430;5571
370;5572
964;5573
437;5574
918;5575
917;5576
1147;5577
901;5578
499;5579
1131;5580
1220;5581
1037;5582
1001;5583
423;5584
821;5585
1232;5586
1246;5587
892;5588
702;5589
1146;5590
475;5591
553;5592
318;5593
1250;5594
1260;5595
1239;5596
678;5597
571;5598
667;5599
1190;5600
802;5601
1263;5602
699;5603
1183;5604
755;5605
747;5606
597;5607
407;5608
1006;5609
1228;5610
575;5611
268;5612
344;5613
525;5614
993;5615
837;5616
952;5617
587;5618
481;5619
1213;5620
1019;5621
895;5622
876;5623
1250;5624
336;5625
328;5626
1041;5627
688;5628
411;5629
415;5630
760;5631
1110;5632
432;5633
1050;5634
1263;5635
1094;5636
1267;5637
1241;5638
516;5639
668;5640
1073;5641
431;5642
929;5643
697;5644
668;5645
873;5646
466;5647
522;5648
1122;5649
626;5650
340;5651
499;5652
1254;5653
1239;5654
550;5655
411;5656
1182;5657
679;5658
394;5659
1011;5660
1025;5661
867;5662
1235;5663
956;5664
423;5665
478;5666
722;5667
413;5668
956;5669
550;5670
1046;5671
603;5672
279;5673
920;5674
388;5675
801;5676
586;5677
804;5678
373;5679
1058;5680
911;5681
880;5682
750;5683
505;5684
944;5685
716;5686
573;5687
1109;5688
395;5689
822;5690
1028;5691
892;5692
733;5693
425;5694
340;5695
1169;5696
1040;5697
1200;5698
1005;5699
617;5700
1164;5701
546;5702
1240;5703
309;5704
658;5705
1126;5706
1180;5707
529;5708
383;5709
909;5710
745;5711
704;5712
867;5713
440;5714
1165;5715
994;5716
976;5717
1154;5718
1081;5719
766;5720
1044;5721
566;5722
498;5723
803;5724
373;5725
358;5726
1017;5727
885;5728
1250;5729
881;5730
1153;5731
639;5732
515;5733
1158;5734
1138;5735
948;5736
774;5737
1124;5738
986;5739
1254;5740
710;5741
699;5742
326;5743
921;5744
375;5745
1153;5746
1056;5747
554;5748
1130;5749
1009;5750
1018;5751
550;5752
1194;5753
525;5754
923;5755
788;5756
604;5757
697;5758
950;5759
1124;5760
525;5761
633;5762
353;5763
281;5764
371;5765
998;5766
1093;5767
765;5768
516;5769
867;5770
774;5771
494;5772
873;5773
712;5774
949;5775
540;5776
374;5777
1067;5778
1114;5779
993;5780
767;5781
842;5782
889;5783
1125;5784
847;5785
652;5786
889;5787
799;5788
1159;5789
1215;5790
951;5791
659;5792
311;5793
884;5794
378;5795
872;5796
1126;5797
1080;5798
926;5799
1244;5800
368;5801
857;5802
365;5803
388;5804
1257;5805
1050;5806
512;5807
637;5808
862;5809
956;5810
994;5811
1193;5812
886;5813
699;5814
1102;5815
671;5816
1003;5817
1030;5818
308;5819
623;5820
930;5821
1075;5822
718;5823
1140;5824
739;5825
855;5826
1152;5827
803;5828
306;5829
1230;5830
676;5831
1100;5832
1092;5833
911;5834
1030;5835
1064;5836
710;5837
953;5838
1197;5839
294;5840
489;5841
848;5842
453;5843
292;5844
913;5845
1236;5846
604;5847
369;5848
567;5849
1210;5850
690;5851
1089;5852
297;5853
1014;5854
735;5855
1137;5856
1180;5857
527;5858
635;5859
1106;5860
967;5861
620;5862
628;5863
1264;5864
1256;5865
522;5866
551;5867
724;5868
1070;5869
316;5870
600;5871
737;5872
983;5873
918;5874
537;5875
1055;5876
1080;5877
432;5878
482;5879
839;5880
1057;5881
1152;5882
828;5883
931;5884
597;5885
1026;5886
678;5887
1039;5888
624;5889
1067;5890
1103;5891
444;5892
1132;5893
779;5894
1145;5895
359;5896
609;5897
628;5898
899;5899
819;5900
1025;5901
1092;5902
1124;5903
1257;5904
501;5905
592;5906
1116;5907
581;5908
371;5909
1204;5910
1007;5911
360;5912
922;5913
683;5914
588;5915
904;5916
777;5917
922;5918
458;5919
1042;5920
659;5921
475;5922
539;5923
1144;5924
992;5925
765;5926
627;5927
613;5928
1093;5929
716;5930
1185;5931
638;5932
1040;5933
431;5934
1250;5935
440;5936
598;5937
284;5938
382;5939
462;5940
863;5941
585;5942
1198;5943
786;5944
985;5945
925;5946
841;5947
571;5948
1042;5949
841;5950
819;5951
450;5952
675;5953
901;5954
980;5955
345;5956
471;5957
363;5958
360;5959
996;5960
880;5961
1204;5962
1165;5963
947;5964
682;5965
1140;5966
537;5967
417;5968
1001;5969
616;5970
813;5971
630;5972
674;5973
404;5974
1211;5975
662;5976
374;5977
1133;5978
1247;5979
1021;5980
1102;5981
1165;5982
1176;5983
1085;5984
568;5985
896;5986
851;5987
1262;5988
352;5989
599;5990
498;5991
721;5992
1113;5993
309;5994
519;5995
829;5996
426;5997
951;5998
548;5999
294;6000
774;6001
497;6002
1121;6003
979;6004
492;6005
519;6006
1164;6007
499;6008
718;6009
931;6010
1099;6011
489;6012
416;6013
280;6014
571;6015
517;6016
1255;6017
289;6018
1146;6019
894;6020
762;6021
1126;6022
717;6023
692;6024
837;6025
832;6026
849;6027
464;6028
690;6029
458;6030
1136;6031
799;6032
862;6033
677;6034
910;6035
857;6036
1177;6037
1191;6038
664;6039
1032;6040
535;6041
991;6042
1083;6043
640;6044
1090;6045
1088;6046
537;6047
709;6048
647;6049
641;6050
1189;6051
1215;6052
1227;6053
508;6054
595;6055
821;6056
633;6057
346;6058
1249;6059
977;6060
405;6061
597;6062
1148;6063
1115;6064
987;6065
520;6066
1082;6067
819;6068
860;6069
399;6070
366;6071
1207;6072
1071;6073
787;6074
993;6075
755;6076
816;6077
589;6078
375;6079
1094;6080
1114;6081
886;6082
501;6083
1005;6084
624;6085
1002;6086
986;6087
928;6088
1267;6089
835;6090
1108;6091
497;6092
744;6093
543;6094
856;6095
1124;6096
322;6097
739;6098
901;6099
716;6100
777;6101
873;6102
714;6103
334;6104
1244;6105
443;6106
290;6107
841;6108
727;6109
840;6110
933;6111
326;6112
1185;6113
623;6114
756;6115
1156;6116
991;6117
419;6118
333;6119
966;6120
630;6121
334;6122
1245;6123
1004;6124
550;6125
851;6126
526;6127
1238;6128
1186;6129
1013;6130
296;6131
998;6132
880;6133
770;6134
709;6135
989;6136
1050;6137
1233;6138
404;6139
673;6140
488;6141
945;6142
730;6143
585;6144
819;6145
981;6146
958;6147
579;6148
606;6149
506;6150
851;6151
1085;6152
1164;6153
788;6154
1236;6155
684;6156
415;6157
1052;6158
820;6159
965;6160
868;6161
590;6162
1151;6163
274;6164
1262;6165
892;6166
322;6167
997;6168
1040;6169
634;6170
869;6171
390;6172
1061;6173
340;6174
896;6175
333;6176
810;6177
691;6178
1015;6179
433;6180
1018;6181
467;6182
522;6183
883;6184
1060;6185
1045;6186
451;6187
1123;6188
453;6189
298;6190
932;6191
1219;6192
774;6193
1014;6194
390;6195
607;6196
359;6197
364;6198
1236;6199
681;6200
855;6201
985;6202
1239;6203
969;6204
664;6205
1092;6206
685;6207
658;6208
981;6209
753;6210
409;6211
1135;6212
619;6213
455;6214
366;6215
586;6216
631;6217
449;6218
992;6219
708;6220
1168;6221
526;6222
779;6223
360;6224
456;6225
534;6226
679;6227
473;6228
500;6229
627;6230
930;6231
916;6232
351;6233
615;6234
730;6235
1037;6236
364;6237
804;6238
531;6239
288;6240
1168;6241
888;6242
330;6243
838;6244
328;6245
967;6246
650;6247
365;6248
440;6249
269;6250
1254;6251
809;6252
280;6253
272;6254
602;6255
661;6256
581;6257
296;6258
1087;6259
1194;6260
849;6261
844;6262
651;6263
1147;6264
339;6265
1246;6266
444;6267
