TIMOVI_ID_tima;ULOGE_ID_uloga;OSOBE_ID_osobe
1;6;4020
1;4;5162
1;5;8752
1;5;6877
1;5;1783
1;1;9063
1;6;1367
1;6;9862
1;2;6301
1;5;6317
2;2;3767
2;3;2587
2;6;8440
2;1;3742
2;2;5317
2;4;875
2;3;6719
3;1;7356
3;3;9746
3;2;4728
3;6;9120
3;1;8686
3;5;3188
3;2;2861
3;5;6004
4;1;2651
4;2;5609
4;5;5997
4;3;5125
4;1;4062
4;5;4903
4;4;4853
4;3;9659
5;5;4041
5;2;9575
5;6;2077
5;2;7881
5;6;7254
6;4;3553
6;1;4682
6;6;2743
7;4;6913
7;5;8496
7;1;5577
7;1;2460
7;6;3190
7;2;443
7;4;1558
7;3;6892
8;4;6917
8;6;8732
8;2;2216
8;1;6047
9;1;4721
9;2;9230
9;5;7210
9;2;3629
9;6;4518
9;4;1190
9;5;6958
10;4;1071
10;5;8402
10;2;7342
10;5;4044
10;4;2009
10;5;454
10;5;8221
10;6;8710
10;6;3769
10;4;9651
11;3;9989
11;2;2557
11;1;107
11;6;6524
11;1;7913
11;1;66
11;1;9539
11;5;7472
11;4;4591
11;4;9246
12;4;9572
12;2;1577
12;4;4322
12;3;2823
12;2;8784
13;4;8605
13;2;7541
13;3;1058
13;1;7325
13;2;6482
13;2;4307
14;1;2214
14;5;3419
14;6;33
14;4;8684
14;2;4579
14;2;920
14;6;5224
14;3;2001
14;6;145
14;5;8880
15;3;5201
15;4;5417
15;4;5960
15;6;4866
15;3;4208
15;3;6313
16;5;796
16;3;463
16;4;167
16;6;6023
16;4;2406
16;4;637
16;2;5946
16;6;8135
16;4;7842
16;6;2665
17;3;9192
17;3;2762
17;5;8804
17;1;9295
17;1;4601
17;2;638
17;6;6700
17;3;381
17;6;5017
17;5;2036
18;2;2811
18;3;1033
18;1;5654
18;5;5871
18;6;232
18;2;3136
18;5;9458
18;3;9294
18;3;5728
19;1;7951
19;3;683
19;4;8523
19;1;428
19;5;2098
20;5;9309
20;4;9866
20;4;238
20;1;5396
20;4;3782
20;3;9174
20;1;4929
20;1;1418
21;6;3587
21;6;6445
21;2;8482
22;4;5448
22;4;5709
22;4;3470
22;6;3320
23;4;7254
23;5;9502
23;3;8389
23;1;9519
23;1;1316
24;1;4020
24;6;9710
24;2;4086
25;5;3914
25;3;2255
25;2;4972
25;5;3499
25;3;5330
26;4;2910
26;4;2730
26;2;4878
26;2;837
26;2;5654
26;2;7795
26;4;4889
26;3;8233
26;5;8870
26;3;9651
27;6;3283
27;6;8399
27;3;9450
28;2;8261
28;1;5752
28;6;9399
29;1;6696
29;5;4942
29;1;2621
29;3;5515
29;6;6553
30;4;9102
30;4;7748
30;6;3704
30;1;4134
30;5;9916
30;6;5836
30;1;1812
30;3;4637
31;6;8440
31;1;7875
31;6;8748
31;5;4811
32;5;2823
32;3;2512
32;1;8647
33;2;1955
33;1;737
33;2;4163
33;1;84
33;1;4676
33;4;8647
33;2;6269
34;2;1682
34;5;8024
34;4;6633
34;2;2388
34;4;7113
34;5;8118
34;5;2924
34;1;1208
34;6;3440
34;6;6168
35;4;7915
35;4;8673
35;4;452
35;3;1958
35;1;8848
35;4;3167
35;4;4283
35;5;7654
36;2;1497
36;4;2018
36;2;504
36;2;7618
37;1;5666
37;2;4210
37;3;9860
37;2;4458
37;5;5705
38;3;2999
38;2;6033
38;1;8356
38;5;8152
38;6;3998
39;5;3739
39;1;7557
39;4;4576
40;3;4148
40;6;3596
40;5;620
40;2;8699
40;5;5841
40;6;7650
40;1;6319
40;6;6330
41;5;9262
41;2;2575
41;2;8114
41;4;6209
41;6;3242
41;1;7466
41;5;4744
41;4;5173
41;4;3594
41;2;7301
42;4;2683
42;4;9987
42;5;8109
42;5;7358
42;5;7748
42;5;5836
42;3;223
42;3;4512
42;1;6280
43;2;5350
43;1;6068
43;5;158
43;5;9727
43;4;3604
43;2;5464
43;5;6398
43;1;913
43;6;390
43;5;3181
44;1;8077
44;6;2469
44;2;8249
44;6;7707
44;5;6726
44;5;5155
45;5;1183
45;2;5948
45;5;5622
45;6;2105
45;3;3326
45;6;2646
46;1;5501
46;2;2283
46;2;5355
46;4;4271
46;4;344
46;2;4457
47;3;6227
47;1;6329
47;1;7673
47;3;3982
48;3;2259
48;6;5350
48;6;980
48;2;5654
49;6;6466
49;4;7919
49;2;8166
49;2;2578
49;3;9711
49;2;8231
49;1;5148
49;6;4720
50;1;1885
50;5;4751
50;3;960
50;4;3872
50;4;2252
51;6;1058
51;2;965
51;4;9808
51;3;345
51;1;6418
51;6;6424
51;5;8005
51;3;1130
51;3;1081
52;4;2380
52;2;8862
52;4;4262
52;3;1351
52;4;6327
52;6;7249
52;5;2812
52;2;1213
52;6;7595
53;2;9746
53;1;5023
53;2;7739
53;5;5829
54;1;298
54;1;346
54;5;1959
54;4;8425
55;1;8690
55;2;2345
55;3;7420
55;6;2152
55;4;3918
55;5;8335
55;2;8908
55;3;2887
55;1;9826
55;6;1426
56;2;8606
56;4;6062
56;2;2748
56;5;540
56;1;227
56;2;5194
56;6;6756
56;2;4716
56;4;6118
57;2;1194
57;1;1762
57;2;5967
57;5;4251
57;3;9787
57;6;7733
58;3;2461
58;1;9330
58;4;6696
58;4;4373
58;6;1719
58;1;7590
58;5;1819
58;2;3345
59;5;5606
59;6;3788
59;1;1367
59;2;3245
59;2;3721
60;6;3273
60;1;1492
60;5;5827
60;5;2051
60;1;1434
60;6;3824
60;2;4976
61;1;2218
61;5;6136
61;1;1095
61;4;4213
61;1;689
61;5;3490
61;2;3806
61;4;805
61;1;1943
62;1;1593
62;1;2071
62;6;5432
62;1;8779
62;1;4296
63;5;5396
63;3;8391
63;1;9661
63;6;3728
63;3;9445
64;6;493
64;2;3691
64;4;9190
65;5;4829
65;4;2265
65;2;7035
65;5;872
65;1;8142
65;3;7965
65;6;5993
65;3;4831
65;6;8717
65;2;4136
66;5;9072
66;5;3214
66;6;879
66;6;9663
66;4;1185
66;2;8410
66;2;2634
66;5;1931
67;6;3874
67;2;6492
67;6;2691
67;6;1526
67;3;2231
67;1;2989
67;4;9450
67;1;2741
67;1;9168
67;6;9346
68;2;6338
68;5;7016
68;5;4020
68;3;9654
69;3;9100
69;5;2156
69;5;3695
69;2;2913
69;4;30
69;6;3553
69;2;2613
70;4;5874
70;4;3233
70;3;8348
70;2;1719
70;3;9718
70;3;1389
70;4;1061
70;4;7592
71;3;5084
71;6;6958
71;4;4607
71;4;2929
71;3;5686
71;5;4690
71;6;8655
71;3;6249
72;4;451
72;5;2339
72;5;7314
72;2;7190
73;4;7702
73;1;9658
73;2;632
74;1;2407
74;5;1432
74;2;5126
75;1;4722
75;1;8882
75;2;104
76;1;6910
76;5;6254
76;1;1062
76;4;7562
76;1;9421
76;2;2866
76;1;8119
76;6;7257
76;1;7112
77;4;9489
77;5;2082
77;4;7737
77;3;6641
77;4;7074
77;5;4895
77;3;8785
78;2;2878
78;6;6468
78;2;1633
78;5;8815
78;6;1523
78;6;848
79;6;9658
79;4;8924
79;1;4767
79;3;7673
79;6;3329
79;4;3019
80;5;8879
80;3;1203
80;3;517
80;6;6296
80;6;6855
80;4;7270
81;5;1383
81;2;5154
81;2;6051
81;3;7704
81;5;2007
81;5;5647
81;4;8914
81;4;4675
81;3;8414
82;3;4217
82;3;5729
82;4;4403
82;2;6250
83;2;8287
83;4;5610
83;1;4179
83;5;2196
83;6;1357
84;2;8825
84;3;8195
84;1;6650
84;5;9418
84;6;4771
84;5;6337
84;5;5509
84;1;8768
84;5;7086
84;5;2494
85;5;5375
85;1;6169
85;6;7709
85;1;5010
85;4;6587
85;4;3853
85;6;9621
85;3;1708
85;2;5809
85;2;9548
86;3;3268
86;5;2155
86;5;44
86;2;9340
86;3;6246
86;5;8118
86;5;8607
87;2;1097
87;1;4387
87;1;9197
87;4;856
88;6;5536
88;4;4916
88;1;3082
88;6;6412
88;6;7890
88;3;3958
88;2;1381
89;2;1665
89;2;7595
89;3;1002
89;2;845
89;2;1745
89;2;3909
89;5;8156
90;5;5464
90;2;4422
90;6;6911
91;2;7193
91;6;4310
91;5;9184
91;3;4543
91;3;6162
91;5;5759
91;4;885
91;3;8783
91;2;5328
92;4;6991
92;4;4921
92;4;4906
92;1;7210
92;2;8009
93;2;6691
93;4;4825
93;6;1953
93;2;6650
93;5;6997
93;4;5987
93;1;7501
93;3;1037
94;6;9131
94;3;5259
94;2;9476
94;6;7453
94;5;6912
94;6;785
94;5;7818
94;3;3922
95;5;5882
95;5;311
95;2;2552
95;4;5431
95;4;6734
95;5;9089
95;4;8078
95;6;3862
95;2;4313
96;4;256
96;3;8239
96;4;1292
96;5;3444
96;5;7417
97;4;5790
97;2;877
97;6;8644
97;1;5045
97;5;7345
97;5;9300
97;4;1062
98;1;8313
98;1;1412
98;4;6719
98;1;2736
98;5;6106
99;2;6649
99;6;1148
99;1;4489
99;3;1630
99;2;8638
99;3;4304
99;2;5440
99;2;274
100;2;5617
100;4;491
100;4;8719
100;5;2094
101;2;2630
101;2;469
101;4;5135
101;5;748
101;5;1322
101;1;1284
101;6;1118
101;6;4155
101;3;472
101;1;6133
102;1;4191
102;6;4460
102;2;2912
102;6;954
102;5;1499
102;4;7507
102;4;8622
102;6;8709
102;3;2849
102;2;8082
103;4;2834
103;1;1140
103;4;4755
104;1;9790
104;2;7642
104;3;9373
104;3;1282
104;2;1932
104;2;5336
104;1;9872
104;5;877
104;5;3912
105;2;3946
105;3;7571
105;6;9337
105;6;3535
106;4;3019
106;2;6275
106;6;8815
106;1;7581
106;3;334
106;4;523
106;2;1625
106;6;5320
106;5;9152
106;1;3144
107;3;2279
107;5;460
107;4;2895
107;6;8093
107;2;5897
107;3;1290
107;1;1606
107;4;114
107;3;5564
108;1;8055
108;2;741
108;6;82
108;4;3061
108;3;8734
108;5;8299
108;2;9701
108;2;3305
108;2;6863
109;4;2034
109;4;8468
109;6;4992
109;6;4023
109;1;5204
109;1;2781
110;5;6491
110;4;2270
110;3;3103
110;3;4222
110;2;421
110;1;8740
110;5;2466
110;4;6410
110;2;3657
110;1;9172
111;3;3319
111;5;5431
111;1;7300
111;1;2855
111;1;4830
111;1;3359
111;3;3116
112;2;5917
112;2;3309
112;3;1952
112;2;981
112;4;8579
112;2;6964
112;3;9571
112;5;9445
113;3;506
113;5;7551
113;6;7701
113;4;2167
114;3;2887
114;1;2159
114;5;9985
114;3;2123
114;5;4502
114;1;4226
114;1;5672
114;1;453
115;4;5263
115;3;3822
115;3;6798
115;6;6974
115;5;5368
116;4;2676
116;6;8927
116;5;5466
116;4;6079
116;5;4177
116;2;5366
117;3;4117
117;2;6814
117;4;8822
117;1;1706
117;4;1635
117;5;9934
117;2;2323
118;2;7923
118;2;68
118;1;2180
118;3;727
118;6;3409
118;4;7118
118;4;9666
118;4;5378
119;4;2848
119;3;7463
119;4;5126
119;5;3319
119;1;315
119;1;9686
120;3;8842
120;1;3029
120;1;1184
120;6;3490
121;2;624
121;6;7911
121;3;8061
121;6;6411
121;5;8513
122;2;2140
122;3;5239
122;5;3259
122;4;8032
122;6;8746
122;2;2316
122;1;2802
122;1;6028
122;1;9430
122;4;6821
123;2;6877
123;1;9752
123;6;2521
124;2;7829
124;2;2284
124;1;6684
124;6;3354
124;1;415
124;1;3342
124;4;2540
124;3;9186
125;3;3796
125;6;2743
125;6;3585
125;4;3837
125;3;1812
125;3;7911
125;5;2259
125;1;5669
126;1;8251
126;3;2551
126;5;701
126;2;413
126;5;7230
126;4;1422
126;3;5317
126;4;2763
126;5;7186
126;1;1388
127;3;8166
127;5;1703
127;1;2271
128;5;2772
128;3;1599
128;5;3442
129;2;7818
129;4;4552
129;2;9452
130;4;1432
130;4;5893
130;6;8026
130;4;4901
130;6;8278
130;5;5543
130;5;6471
130;4;3463
131;6;656
131;4;5411
131;3;2611
131;5;1916
132;1;6833
132;2;1795
132;2;5393
132;4;2152
132;3;403
132;6;9812
132;3;4075
132;6;2526
132;6;1858
132;2;7923
133;6;5446
133;4;307
133;4;2390
133;2;9315
133;5;1627
133;1;7251
134;3;4610
134;6;176
134;1;4770
134;3;22
134;1;6439
134;6;7954
134;5;5634
134;1;1948
135;6;7734
135;4;6752
135;1;2716
135;2;3787
135;5;2092
135;2;1311
135;2;193
135;3;5022
136;1;7513
136;5;3142
136;1;32
136;6;8533
136;6;4809
136;1;420
136;4;7128
136;5;7833
136;4;2424
137;6;8735
137;5;495
137;6;9667
138;6;8208
138;3;2002
138;4;3130
139;5;4088
139;2;5785
139;5;3023
139;1;9433
139;1;484
139;5;1990
139;1;5905
139;3;6525
139;1;2232
139;3;9553
140;1;7587
140;2;9563
140;6;8281
140;2;9289
141;3;562
141;4;3756
141;6;434
142;3;8915
142;6;4535
142;3;8263
143;4;301
143;2;8807
143;1;7735
143;6;4405
143;4;5123
143;4;213
144;5;5945
144;6;3232
144;3;192
144;6;9950
144;3;8734
144;2;324
145;5;1636
145;6;5512
145;3;3892
145;4;1150
145;4;4090
145;6;996
145;5;3117
145;2;727
145;5;9359
146;6;1799
146;6;8856
146;5;8907
147;2;8929
147;2;3437
147;3;1922
147;4;8669
147;5;6450
147;2;8135
147;6;809
148;2;4494
148;4;9289
148;6;9852
148;2;4612
148;2;2932
148;3;7921
148;5;5743
148;5;5154
148;1;3433
148;1;4309
149;3;2449
149;4;1436
149;6;9084
149;4;2071
149;5;998
150;6;6754
150;4;1442
150;2;558
150;4;2007
151;5;9423
151;1;8231
151;6;5547
151;1;9108
151;3;2909
151;1;1813
151;4;8132
152;3;2282
152;2;2758
152;4;943
152;4;5808
152;5;6521
152;5;7377
152;6;831
153;1;9391
153;2;2164
153;1;9473
153;5;939
153;5;2292
153;1;8196
154;2;4104
154;5;4504
154;2;2586
155;1;8720
155;6;8467
155;1;5200
155;6;3396
155;5;4427
156;4;7172
156;6;3559
156;1;4297
156;6;1590
156;6;5473
157;1;6513
157;5;1759
157;3;9683
158;2;2230
158;2;6450
158;3;112
159;4;7825
159;4;184
159;5;5982
159;5;2836
159;2;1687
159;2;9338
159;2;4561
160;3;1781
160;5;1487
160;5;8162
160;1;5900
160;2;7995
161;6;848
161;4;4191
161;4;2339
161;3;6367
161;5;3501
161;4;2481
161;2;4803
161;6;1786
161;5;3152
162;6;7317
162;1;9183
162;5;1205
162;6;1133
162;1;5725
162;3;9892
162;3;8581
162;2;1609
162;3;9763
163;3;3904
163;5;9846
163;4;4399
163;2;5097
163;5;4844
163;1;4584
164;5;7727
164;1;1389
164;2;7930
164;4;955
164;6;3960
164;5;4735
164;3;4087
165;6;8875
165;2;2834
165;6;9406
165;5;8188
165;1;8210
165;5;2738
166;4;3769
166;6;5364
166;3;4935
166;4;3705
167;5;3610
167;2;6764
167;3;4461
167;5;8677
167;5;834
167;1;5859
167;3;7664
168;5;1558
168;1;7625
168;4;1568
168;3;3246
169;6;2713
169;3;4971
169;5;8329
169;4;3664
169;5;8658
169;3;8513
169;2;6965
170;4;3202
170;1;3411
170;3;3370
171;4;1034
171;6;5224
171;5;5078
171;4;9731
171;3;6936
171;4;2460
171;1;1055
171;3;3269
171;3;8591
171;5;1178
172;5;3834
172;5;7152
172;1;8074
172;1;9429
172;6;2290
172;1;8234
172;3;9524
172;4;796
173;3;3732
173;3;5173
173;1;4617
174;1;3106
174;3;3225
174;4;3423
174;6;9882
174;4;5148
174;6;8109
174;1;5037
174;4;7419
174;6;2782
175;1;113
175;3;8719
175;5;8802
175;2;1361
175;1;6523
175;4;1636
175;6;6832
175;4;8363
175;3;9170
176;3;3803
176;2;7840
176;6;3817
176;2;317
177;2;9964
177;4;3817
177;2;5418
177;2;2518
177;3;89
177;1;7385
178;5;2186
178;5;3402
178;3;9453
178;2;5108
179;5;5391
179;5;1740
179;5;1137
179;1;6606
179;3;3560
180;4;9201
180;5;5292
180;6;1025
180;4;9946
180;2;2401
180;6;230
180;2;3570
180;2;2364
181;1;1458
181;4;7587
181;2;3378
181;2;5332
181;1;4311
181;6;4492
181;1;5971
182;5;6080
182;3;5922
182;3;6258
182;4;1793
183;6;8563
183;5;2747
183;6;7989
183;2;5455
183;1;9283
183;1;8324
183;6;6536
183;4;369
183;6;6497
183;2;8303
184;5;2297
184;2;2474
184;3;3867
184;2;8162
184;1;4229
184;1;943
184;1;2919
184;6;8779
184;3;219
184;4;4688
185;3;6033
185;5;3702
185;3;5478
185;3;7213
185;6;5173
185;3;1524
185;3;5538
185;4;2917
185;1;1144
185;5;9728
186;5;7022
186;4;554
186;5;6273
186;5;2189
187;1;6138
187;2;5564
187;2;6515
187;1;7292
187;1;1288
187;4;7349
187;2;3313
187;5;5101
187;2;4005
188;4;8293
188;1;1121
188;5;5564
188;3;588
188;3;6495
188;1;8040
188;5;6916
188;2;7587
188;4;8850
188;3;5666
189;4;4566
189;6;4670
189;2;3371
189;6;3429
189;1;743
189;4;7265
189;6;2570
189;5;6230
189;3;9817
190;3;551
190;4;6116
190;5;2776
190;1;1806
190;1;875
190;6;2179
190;5;1778
190;5;7533
190;5;8327
191;3;6751
191;5;7238
191;4;3841
191;4;9931
191;4;8201
191;1;2025
191;4;7759
191;5;7935
191;4;8937
191;1;1611
192;2;5770
192;4;9971
192;6;4939
192;4;9579
192;2;4809
192;5;3401
192;1;6021
192;6;3471
192;1;4055
192;5;1033
193;1;4712
193;4;3894
193;4;4480
193;1;9816
193;6;8349
193;1;5545
193;6;8894
193;5;1293
193;6;5997
193;2;2213
194;2;9244
194;6;9206
194;2;3654
194;5;866
194;6;839
194;2;5223
194;5;6177
194;5;4604
194;1;952
195;4;4178
195;6;9801
195;3;6588
195;4;7337
196;6;5493
196;3;5437
196;5;3939
196;3;8810
196;6;3606
196;6;1248
196;4;2590
196;6;2175
196;5;5889
197;3;2706
197;6;3073
197;6;1202
197;6;3844
197;6;6905
197;6;2993
197;1;8537
197;3;1614
198;5;1028
198;5;6627
198;5;3436
198;5;9192
198;1;9124
198;4;308
199;1;1167
199;5;1543
199;6;5273
199;4;8499
199;5;7019
199;3;2825
199;5;5664
199;6;8302
199;4;3306
200;3;3565
200;3;5818
200;4;267
200;6;4938
200;2;9281
200;4;1233
201;5;8667
201;2;273
201;3;2412
201;4;5272
202;2;1228
202;6;2774
202;6;9001
202;6;6799
202;5;3336
203;3;1391
203;5;9557
203;6;9074
203;4;549
203;3;9003
203;6;5439
203;4;900
203;4;4940
203;6;2470
203;2;4047
204;1;9275
204;5;690
204;2;6945
204;1;3397
204;6;6880
204;6;5162
204;1;9530
205;2;8641
205;2;1713
205;2;9333
205;5;410
205;6;6483
206;6;8804
206;1;3667
206;4;8895
206;6;6902
206;3;9754
206;5;6740
207;3;2
207;4;6881
207;3;6036
207;6;5813
207;2;8874
207;5;3314
207;4;2168
208;2;8864
208;4;7416
208;3;2555
208;1;79
208;1;9821
208;3;753
209;1;3620
209;3;7061
209;4;2522
209;3;3623
209;2;5246
209;3;7016
209;5;4463
210;4;8924
210;3;4462
210;6;6159
210;2;9443
210;5;1363
210;3;3271
210;4;8244
210;4;946
210;5;4119
211;1;7265
211;1;4628
211;5;4874
211;4;6554
211;6;7044
211;6;4601
211;2;3919
211;5;6017
211;2;5280
212;4;8561
212;2;5030
212;2;6748
212;5;5880
212;2;5534
212;6;3281
212;2;7101
212;3;1771
213;3;4779
213;6;3162
213;5;5666
213;1;2851
213;3;5721
213;3;2532
213;1;2027
214;1;1356
214;2;6921
214;5;7525
214;4;5670
214;6;9407
215;6;7204
215;1;4724
215;3;3580
215;6;4322
215;5;8826
215;1;5561
215;5;3590
216;3;8783
216;1;8885
216;6;8869
217;3;4101
217;1;9783
217;5;3975
217;5;8162
217;5;6488
217;1;9628
217;1;357
217;4;3031
218;4;3526
218;4;8464
218;5;5310
218;3;6886
218;6;9557
218;5;2138
218;4;3045
218;1;5907
218;1;8404
218;3;7262
219;2;5692
219;5;193
219;6;2594
219;1;8670
220;2;1737
220;2;2955
220;1;1451
220;5;1457
220;4;6682
220;4;1651
220;5;742
220;3;7982
220;3;3444
220;6;5870
221;6;9617
221;3;7262
221;6;8741
221;3;7773
222;1;1779
222;4;5990
222;6;5802
222;5;1428
222;1;746
222;2;6191
222;2;7533
222;5;6902
223;1;8022
223;4;3244
223;4;7680
223;6;6787
224;3;4260
224;3;6232
224;5;7920
224;5;8062
224;1;7403
224;2;4985
224;4;890
224;1;8131
224;5;2925
225;6;6487
225;3;8375
225;2;7574
225;2;1778
225;1;8742
225;2;3822
225;1;9425
225;6;9354
225;4;1438
225;4;568
226;2;621
226;5;2776
226;3;2774
226;6;8852
227;5;8681
227;3;5213
227;4;2452
227;6;3797
227;2;4861
227;6;3627
228;2;8849
228;6;8624
228;1;6479
228;2;3355
228;2;4372
228;6;6913
228;3;1460
228;3;4168
228;4;5580
229;4;4361
229;1;8137
229;4;7220
229;1;4716
229;5;2838
229;1;4240
229;2;5735
229;2;522
229;4;6565
229;2;9436
230;1;8692
230;6;7367
230;3;2020
230;3;1310
231;5;1351
231;5;2781
231;1;2475
231;3;9221
231;6;7337
231;5;7857
232;2;9304
232;6;6203
232;6;3545
233;1;9285
233;2;5689
233;3;3949
233;1;8290
233;4;4021
233;4;5718
233;6;3891
233;1;1079
234;2;9597
234;5;8636
234;2;4387
235;6;8511
235;2;7269
235;3;3509
235;6;350
235;6;6174
236;3;5728
236;4;4007
236;5;3604
236;4;446
236;1;3064
236;4;688
237;2;4517
237;4;5913
237;3;601
237;5;8369
237;4;1034
237;2;1856
237;5;6851
238;1;8671
238;2;1281
238;2;4664
239;5;4175
239;4;1318
239;2;8790
239;6;6466
239;6;500
239;4;7583
239;6;4739
240;6;2218
240;2;4440
240;6;705
240;2;3726
240;6;5904
240;6;3690
240;1;2747
240;2;2163
240;3;2895
240;1;5640
241;2;940
241;3;3400
241;1;7673
241;2;4653
241;1;6084
242;6;3962
242;5;9290
242;1;4752
243;2;4522
243;2;5581
243;5;7482
243;5;6103
243;6;5589
243;4;7697
243;4;2556
244;4;2753
244;1;8848
244;1;5719
244;6;5641
245;2;2649
245;4;3179
245;6;5384
245;4;3902
245;1;1484
245;5;8563
245;2;8170
245;5;5942
245;3;1997
245;4;6568
246;4;4614
246;4;9294
246;1;9684
246;1;4506
246;3;9563
246;2;7412
246;1;1360
247;2;3858
247;3;3073
247;4;3371
247;6;4995
247;1;3171
247;4;5387
247;6;6412
247;6;1056
248;6;6747
248;1;2746
248;5;443
249;4;1993
249;2;8156
249;1;4900
249;6;6205
249;5;3150
249;6;5432
249;6;607
249;4;2831
250;2;661
250;6;7233
250;3;7201
250;3;8690
250;2;6048
250;5;974
250;5;929
250;4;6075
250;5;360
251;4;8871
251;4;2507
251;5;5522
251;6;3339
251;2;48
251;1;2330
251;2;1161
251;3;4896
252;4;8392
252;2;6971
252;6;5794
252;3;5465
252;6;6808
252;1;4846
252;2;8211
252;1;1969
252;6;5934
252;6;9560
253;1;1620
253;3;405
253;6;9592
253;1;8556
253;1;3827
253;6;4078
253;6;5225
254;2;499
254;4;5598
254;6;36
254;3;4739
254;2;6322
254;5;7479
255;5;1287
255;2;2047
255;4;2022
255;5;443
255;1;1760
255;5;6793
256;6;520
256;3;4090
256;4;1078
257;3;6252
257;4;2218
257;6;5855
257;4;517
257;3;9931
257;5;3441
257;2;9980
258;5;3760
258;6;1255
258;3;1064
258;4;4294
258;2;2412
258;4;1309
258;4;1539
259;1;6818
259;4;6056
259;1;972
259;6;8231
259;1;6946
260;5;9531
260;4;3351
260;5;8047
260;5;8294
260;1;1341
261;4;5806
261;3;3008
261;6;2247
262;5;9740
262;5;7244
262;6;4496
262;5;6688
262;3;2128
262;2;4597
263;3;8940
263;6;865
263;4;4009
263;4;6993
263;6;8075
263;6;1747
264;4;7639
264;1;8292
264;4;1627
264;2;4512
264;6;9106
264;6;3578
264;6;7091
264;2;3755
265;3;7606
265;6;3908
265;1;2124
265;6;2992
265;5;8687
265;5;967
265;1;9728
265;3;6571
265;6;7186
265;2;2288
266;5;7419
266;1;8722
266;1;1610
267;6;3261
267;6;3564
267;1;375
267;3;3117
267;3;5856
267;6;6922
267;4;9863
267;2;3283
268;4;9284
268;4;2111
268;6;7021
268;2;4666
268;5;841
268;6;9949
268;4;2466
269;6;6178
269;3;3415
269;2;9696
269;3;5152
269;4;3653
269;2;8326
269;1;2814
269;2;1184
269;2;6542
269;4;3375
270;3;1477
270;6;5019
270;2;1773
270;1;851
270;6;679
270;1;7869
270;1;1866
270;3;2798
271;5;4686
271;4;4921
271;6;7737
272;2;5868
272;2;7499
272;3;880
272;1;4041
272;2;5149
272;5;9189
272;3;9183
272;1;9970
272;3;5201
273;6;5943
273;6;93
273;2;2097
273;1;2546
273;2;643
273;1;9189
273;6;7285
273;4;6336
273;1;4896
274;6;7908
274;4;5615
274;6;3644
275;3;5608
275;4;3644
275;3;1510
275;6;9769
275;2;852
275;3;9980
276;3;9508
276;6;8584
276;6;8182
276;2;5775
276;3;6971
277;6;6205
277;5;3429
277;5;3440
277;6;8334
277;6;7309
277;6;9940
277;6;5945
277;4;5914
277;4;2271
277;5;2430
278;3;2609
278;3;2132
278;2;5807
278;3;3523
278;2;3807
278;2;1407
278;4;8481
279;4;42
279;3;9187
279;1;5091
280;2;2330
280;3;7175
280;6;2298
280;5;7840
281;2;9594
281;2;6193
281;2;5851
281;1;2644
281;4;4179
282;4;5922
282;1;7772
282;4;2726
282;4;3000
282;5;5647
282;3;4594
282;4;9224
282;6;7967
282;2;2345
283;4;5178
283;3;6442
283;3;5020
283;1;6068
283;5;7909
283;2;7358
283;5;7005
283;4;210
284;3;2968
284;3;4349
284;3;309
284;2;3922
284;3;5123
284;4;46
284;4;758
285;3;6124
285;5;9030
285;6;7441
285;5;518
285;3;4902
285;3;1610
285;2;9827
286;4;2622
286;6;2719
286;3;7874
286;3;7085
287;4;7859
287;5;2814
287;1;8260
287;1;9710
287;5;4983
287;1;1834
287;3;5383
287;4;5159
287;5;7668
287;1;5387
288;4;398
288;5;2654
288;4;6837
288;6;8546
288;3;5749
288;4;9643
288;3;7325
288;3;3647
289;5;5707
289;5;3051
289;3;9982
289;2;8724
289;4;8231
289;2;8854
289;1;8989
289;1;283
289;6;8212
290;6;2555
290;6;5336
290;5;9399
291;4;8155
291;1;2685
291;3;8152
291;6;2334
291;6;2826
291;1;1899
291;3;1327
291;4;965
291;3;3202
292;5;4366
292;5;5973
292;2;7339
293;1;7825
293;4;105
293;5;7996
294;1;1856
294;3;4249
294;2;1616
294;6;4176
294;3;642
294;6;6286
294;3;1545
294;6;7396
295;5;2414
295;1;7854
295;4;3855
295;5;7732
295;4;2675
295;2;5739
295;6;2186
295;5;4315
295;3;7569
295;3;3330
296;3;5771
296;5;1286
296;2;9355
296;6;9889
297;3;6286
297;3;3157
297;2;7775
298;1;6995
298;3;1061
298;3;3764
298;2;6811
298;5;8981
298;1;5028
298;3;7843
298;5;7887
299;2;2645
299;5;2253
299;1;3686
300;2;2634
300;1;1918
300;3;9418
300;4;4661
300;2;7344
300;1;7491
300;2;3774
300;3;8030
300;4;4260
301;2;1708
301;5;2972
301;3;7349
301;4;1991
301;1;8902
301;3;4045
302;2;9352
302;4;7282
302;3;1871
302;4;3373
302;3;2262
302;6;3326
303;4;566
303;4;785
303;3;5168
303;1;1469
303;6;4072
303;1;1329
303;2;5027
303;2;5434
303;2;7078
304;6;5217
304;2;1529
304;4;718
304;1;6765
304;4;2252
304;4;5332
304;2;5769
304;1;9103
304;3;837
304;5;2514
305;3;1466
305;3;1786
305;6;5071
305;4;2146
306;6;9738
306;5;6711
306;1;87
306;6;372
306;4;2949
306;5;7199
306;2;1819
306;5;5434
306;3;2488
306;3;240
307;6;7653
307;3;9633
307;4;192
307;5;3797
308;4;6156
308;6;10000
308;4;3645
308;5;4870
308;5;556
308;5;1653
308;3;2138
309;3;7846
309;6;5465
309;6;432
309;2;3114
309;1;91
309;1;1055
310;2;9636
310;3;7768
310;4;310
310;1;836
310;2;8118
310;5;6266
311;6;2016
311;4;7690
311;5;3645
311;5;1820
311;4;6370
311;1;9835
311;5;9008
311;1;8459
311;6;6988
312;4;172
312;1;1560
312;4;1185
312;1;5318
312;3;7253
312;3;7271
312;4;7632
312;2;6825
312;5;6321
312;1;917
313;5;9537
313;3;5612
313;2;3202
313;4;8404
313;4;1954
313;2;7394
313;5;5335
313;3;771
313;6;954
314;6;4084
314;2;1355
314;1;6877
314;6;9222
314;1;5785
314;5;257
314;6;8344
314;4;3065
315;5;1969
315;4;6267
315;6;2483
315;4;798
315;2;8042
315;5;8448
315;3;2368
315;2;3839
316;2;1904
316;6;5848
316;6;9304
316;5;9306
316;3;6679
316;1;8228
316;5;6347
317;4;9079
317;3;6867
317;2;4415
317;6;2278
318;4;6751
318;2;1436
318;6;7755
318;3;5372
318;2;91
318;1;8750
318;3;4003
318;3;1411
318;6;4500
318;5;8296
319;1;7622
319;2;7733
319;2;5888
319;6;2168
319;6;4555
319;5;9394
319;6;9218
319;4;8318
319;2;1480
320;4;2375
320;4;6086
320;2;830
320;4;7753
320;5;2396
320;6;5967
321;5;6777
321;2;290
321;1;7345
321;6;1026
321;4;6486
322;2;5414
322;4;1920
322;2;2970
322;6;9022
322;2;7406
322;4;9133
322;3;6941
323;6;5478
323;1;6268
323;4;6313
323;3;6573
323;5;4007
323;4;9604
323;6;2471
323;4;2996
323;1;9305
324;5;9736
324;4;3445
324;2;6091
324;3;9545
325;1;1788
325;3;4297
325;2;3364
325;2;7168
325;5;8387
326;3;3166
326;4;239
326;6;159
326;6;9686
327;2;6814
327;1;5889
327;6;8155
327;5;1979
327;1;8574
327;1;9432
327;6;3784
327;1;7271
327;1;2801
328;1;5211
328;4;1491
328;5;492
328;5;8493
328;2;3031
328;5;8703
328;6;4491
328;4;636
328;1;8548
329;6;5977
329;3;1019
329;1;6942
329;6;4563
329;6;2746
329;4;3337
329;1;9384
329;5;4601
329;1;5378
329;4;9258
330;3;9262
330;4;6589
330;5;5235
330;6;5921
331;6;7950
331;2;9652
331;4;2149
331;4;7439
331;1;7322
331;5;2190
331;4;5630
331;2;6772
331;1;9985
332;5;6288
332;4;5183
332;3;4690
332;1;9854
332;4;6995
332;6;439
332;2;3155
333;4;1659
333;6;6946
333;2;5318
334;6;4755
334;3;7064
334;1;2487
334;5;2863
334;4;790
334;4;9415
334;1;6826
334;6;6725
335;4;5377
335;2;2093
335;2;6129
335;1;1865
335;5;3735
335;3;3558
336;5;2825
336;4;6630
336;4;2787
336;5;6273
336;2;2141
337;2;4686
337;2;4977
337;2;2537
337;3;4137
337;5;7243
337;1;2459
337;4;2093
337;3;1586
337;6;5538
337;1;5335
338;2;5062
338;3;3235
338;5;9768
338;3;2968
338;5;1313
338;6;6767
338;6;7546
338;3;5072
339;4;4227
339;5;8947
339;2;9543
339;1;3458
339;1;1896
339;4;2256
339;2;8585
339;2;3050
339;2;8235
339;3;4361
340;4;7802
340;1;1583
340;6;9300
340;5;4766
340;1;4113
340;2;1136
341;1;5385
341;6;6565
341;4;1502
341;3;1144
341;1;7783
341;6;3796
342;1;2237
342;2;3854
342;2;1795
342;2;875
342;5;3761
342;2;1911
342;4;8012
342;1;3776
343;5;9203
343;1;1227
343;3;7183
343;2;9563
343;5;2735
343;2;6778
343;3;5264
344;3;4070
344;5;5726
344;1;2697
344;1;3970
344;5;8375
345;4;721
345;2;4138
345;2;9297
345;4;6003
346;1;4897
346;2;7859
346;5;337
346;5;9867
346;4;5190
346;2;8151
347;3;9097
347;6;7075
347;3;2073
347;2;9451
347;4;8818
348;5;7060
348;1;3120
348;5;3648
348;6;5147
348;3;3727
348;6;2026
348;3;1870
348;4;2990
349;1;7299
349;1;5533
349;4;2955
350;6;9644
350;1;8377
350;2;5957
351;6;5259
351;3;8813
351;5;1845
352;6;7489
352;5;1775
352;2;7140
352;6;1056
352;1;8727
352;2;3402
352;5;6894
353;1;6373
353;5;3250
353;1;5016
353;2;5544
353;3;3897
353;3;1969
353;5;6900
353;5;3253
353;2;3017
354;6;8669
354;3;9775
354;3;7314
354;2;4569
354;3;5418
355;4;6690
355;6;8599
355;6;2401
356;2;6556
356;6;9217
356;3;2715
356;6;6102
356;3;1482
356;5;8161
356;1;8343
356;6;4519
356;5;8719
356;2;7018
357;5;4891
357;1;9710
357;3;7703
357;2;421
358;5;3063
358;5;3743
358;2;8946
358;4;2460
358;1;9214
359;3;734
359;2;1036
359;4;2416
359;6;5192
360;5;9908
360;1;5457
360;4;7657
360;1;8199
361;1;44
361;6;2972
361;1;4143
362;1;2036
362;4;7132
362;6;606
362;6;3862
362;1;2307
362;6;9188
362;1;9241
362;6;50
362;6;2906
362;2;3541
363;6;4773
363;1;1107
363;3;6333
363;3;9525
363;5;6135
363;1;8508
363;5;5552
363;3;2166
363;1;5002
363;6;6396
364;3;8234
364;5;483
364;4;8009
364;3;9177
365;6;1580
365;5;5948
365;4;8146
365;6;1610
365;6;8472
366;6;4028
366;6;8016
366;5;2799
366;6;9376
367;3;7757
367;6;906
367;1;4396
367;2;301
367;3;1138
367;4;21
367;4;6939
367;6;8453
367;6;3983
367;2;6817
368;6;4645
368;1;3650
368;3;1315
368;5;2903
368;1;7718
368;3;179
368;3;1570
369;4;6701
369;3;7651
369;4;2254
369;5;9908
369;6;9676
369;2;4804
369;3;2592
369;3;9222
369;1;7537
370;1;3626
370;3;4829
370;4;9920
370;6;8815
370;2;7885
370;1;5863
370;5;2468
371;2;2949
371;3;1925
371;4;5446
372;2;6106
372;1;1823
372;6;9532
372;2;2827
372;5;1673
373;4;5532
373;6;768
373;2;3878
373;5;3321
373;6;4783
373;5;6989
373;4;4045
373;4;6941
373;1;3793
374;5;3827
374;1;3998
374;1;4963
374;5;2966
374;2;5757
374;3;8532
374;1;5554
375;6;2946
375;6;985
375;2;6789
375;5;1352
375;5;9811
375;2;7775
375;6;1426
376;4;860
376;1;4181
376;1;9281
377;3;137
377;3;753
377;1;3541
377;4;3399
377;5;6865
377;1;5906
377;3;6975
378;3;53
378;2;6691
378;5;1492
378;1;6066
378;1;6054
378;3;7400
378;4;7657
379;5;8637
379;5;5677
379;1;2895
379;1;1303
380;2;9391
380;3;760
380;3;7006
380;6;8475
380;6;7667
380;2;5312
381;1;6711
381;4;5655
381;3;6342
381;5;5001
381;4;7113
381;2;5232
381;6;3329
381;1;1319
381;3;4195
381;6;85
382;3;5118
382;2;7080
382;6;1581
382;6;473
383;4;7796
383;2;7168
383;2;5530
383;4;5021
383;5;9851
384;6;6094
384;2;1206
384;2;446
384;4;8772
384;2;378
384;1;6928
385;4;2788
385;1;3420
385;5;9008
385;5;278
385;2;510
385;6;3363
385;1;6652
385;4;3511
386;4;526
386;6;5411
386;2;3846
386;6;9500
386;4;8064
386;6;7463
387;4;6529
387;2;550
387;5;3134
387;3;8955
387;2;355
388;6;3396
388;5;2372
388;4;2002
388;1;7553
388;4;3593
388;2;5441
388;3;1092
389;5;1880
389;1;3715
389;6;1821
389;1;6260
389;4;3348
389;2;9355
389;5;4117
389;6;8618
389;1;2939
390;4;8429
390;6;7409
390;3;3791
390;5;8230
390;4;2833
390;5;8524
390;3;8846
391;2;9748
391;4;1269
391;1;1470
391;4;86
391;3;7964
391;6;2885
391;2;367
391;4;616
392;3;5360
392;4;8580
392;2;6755
392;3;1577
392;6;6762
392;5;1105
392;5;377
392;6;4348
392;2;3787
392;1;8521
393;4;7421
393;6;1678
393;3;2851
393;3;9332
393;3;8943
393;5;5327
393;5;2408
393;2;2789
393;4;5173
393;3;9249
394;3;7450
394;2;7826
394;1;6760
394;4;8192
394;5;8280
394;4;7844
394;2;4390
394;5;1348
395;4;8570
395;1;7248
395;1;6298
395;1;6210
396;3;4111
396;3;9655
396;5;4389
396;2;7675
396;6;450
396;5;2545
396;2;8663
396;4;1974
397;5;4477
397;6;9036
397;1;5519
397;3;2309
397;3;9756
397;2;675
397;1;311
398;5;2463
398;6;3064
398;5;3819
398;1;5851
398;6;6481
398;4;7951
398;2;8578
398;2;518
398;3;2528
399;4;7972
399;1;3214
399;3;9001
399;5;6220
399;3;8872
399;3;3117
399;1;3552
399;2;146
400;1;398
400;1;3761
400;3;1037
400;1;4690
400;1;2369
400;3;8108
400;4;4665
400;6;425
400;1;4573
400;2;655
401;2;4594
401;6;9174
401;2;1534
401;6;7269
401;1;1881
401;4;6960
401;4;7901
402;1;2082
402;1;3641
402;1;3564
402;3;7630
402;4;3390
402;4;8977
403;4;1819
403;3;8808
403;3;9412
403;5;5756
403;3;6174
403;2;4505
403;5;982
403;5;7365
403;6;3839
403;3;6421
404;1;8752
404;1;1417
404;3;1785
404;2;1182
404;6;9134
404;6;7586
404;1;4480
404;6;6701
404;2;3028
404;5;7496
405;2;6873
405;3;12
405;1;6515
405;1;2847
406;5;3678
406;4;1577
406;4;3117
406;2;9914
406;6;7999
406;4;9413
406;4;4387
406;3;8654
406;5;8028
406;4;1745
407;5;7596
407;4;1373
407;2;5175
407;6;874
407;2;3808
407;6;2809
408;6;9955
408;5;6922
408;3;1561
408;6;7351
408;4;2038
408;4;3411
408;6;8413
409;6;725
409;2;2499
409;2;7555
409;5;1496
409;6;9506
409;1;2950
409;6;8084
410;5;5254
410;3;5805
410;2;8759
411;6;9054
411;3;5737
411;5;1581
412;1;3435
412;1;6783
412;1;7475
412;2;395
412;1;5397
413;3;9446
413;1;6091
413;3;1184
413;1;402
413;3;517
413;2;5879
413;3;8999
413;4;4467
413;6;2492
414;4;5261
414;4;4961
414;2;516
414;6;8382
414;4;606
414;2;9938
414;4;7771
414;5;9811
414;2;7251
415;4;9997
415;4;2679
415;4;5768
415;4;9849
415;4;5985
415;1;4055
416;5;1517
416;3;399
416;5;9214
416;4;6808
416;5;1791
416;1;532
417;1;5888
417;2;8800
417;2;7013
417;5;2057
417;6;6218
417;1;4900
417;5;8379
417;2;2296
417;1;402
417;3;586
418;6;7235
418;4;8049
418;4;7997
418;5;3989
418;6;2651
418;5;2848
418;6;1671
418;3;1303
419;5;5909
419;2;8071
419;3;2235
419;3;7921
420;1;2214
420;1;5071
420;6;3844
420;5;4604
420;3;6110
420;4;37
421;1;3298
421;4;8462
421;5;333
421;6;8218
422;1;9473
422;6;6138
422;2;6990
422;4;7918
422;4;2062
423;1;126
423;6;1923
423;3;3077
423;3;5578
423;2;5356
423;2;823
423;4;7576
423;6;2395
423;5;8833
423;5;4656
424;6;3521
424;5;4648
424;1;1063
424;5;8253
424;1;9403
424;2;1880
425;5;5851
425;4;4930
425;4;4572
425;5;6604
425;6;6674
426;3;2491
426;3;5040
426;6;8197
426;6;5271
426;4;5885
426;5;7052
427;5;2477
427;6;5536
427;1;9323
427;5;9982
427;2;3442
427;6;232
427;2;7120
428;3;5492
428;5;3130
428;5;2971
428;5;1833
428;6;9482
428;2;1328
428;2;8180
429;4;8015
429;4;4597
429;5;2957
429;4;6889
429;6;8098
429;4;7469
429;2;1558
430;6;6
430;6;7588
430;2;7993
430;6;5115
430;5;2447
431;1;4504
431;1;2440
431;3;3600
431;6;7532
431;4;8774
431;4;4672
431;5;1719
431;6;6782
431;2;3544
432;6;9280
432;6;6947
432;1;5233
432;6;3875
432;3;9210
432;6;9511
432;5;2573
432;3;2654
432;5;5058
432;3;2944
433;3;1210
433;3;8214
433;6;6725
433;1;5038
433;4;6967
434;2;2501
434;2;8196
434;6;2325
435;6;3949
435;3;3040
435;2;4828
436;2;524
436;3;8439
436;1;4233
436;3;6204
436;4;4298
437;6;4393
437;1;5941
437;1;3050
437;2;715
437;2;7342
437;1;1670
437;4;3217
437;4;8320
438;6;4593
438;5;7488
438;1;749
438;1;754
438;5;7714
438;6;2796
438;3;3973
439;1;2624
439;1;6352
439;6;8161
439;2;3793
439;5;9301
439;6;8093
439;5;4049
440;5;9467
440;6;1767
440;4;1210
440;3;7139
440;1;1889
440;2;2061
440;6;5557
440;2;3867
440;5;2898
441;2;9230
441;5;779
441;4;1427
441;3;3973
441;2;710
441;3;1389
441;2;9471
441;3;9063
441;5;7909
442;3;8804
442;3;7985
442;4;8563
443;1;3567
443;1;5407
443;6;5371
443;6;8513
444;4;9153
444;1;493
444;4;4841
444;6;4008
444;3;2051
445;1;9646
445;6;4194
445;2;4023
445;1;5
445;2;3954
445;3;9813
445;6;1380
445;4;9494
445;6;6694
446;3;2014
446;1;4948
446;4;6009
446;3;235
446;1;1677
447;3;1057
447;4;7410
447;2;7761
448;2;3083
448;2;2259
448;1;7403
448;2;8540
448;4;2463
448;5;3912
448;2;2320
448;3;7079
448;1;7860
448;1;6402
449;5;981
449;2;5755
449;3;4299
449;4;8825
449;5;1889
449;6;388
449;4;5193
449;3;4991
450;1;8648
450;1;1330
450;4;7239
450;5;8470
451;1;7183
451;2;6947
451;6;1343
452;4;9583
452;2;4086
452;3;5964
452;3;4059
452;2;4951
453;2;1118
453;3;4124
453;5;5334
453;6;7131
453;4;4921
453;4;7100
453;4;8999
453;4;1957
453;6;4478
453;3;7373
454;2;7431
454;5;2970
454;4;3557
454;4;9426
454;6;3352
454;5;8103
455;4;7196
455;1;5098
455;5;907
455;1;8221
455;1;6421
455;1;7918
455;3;1723
455;5;3828
456;4;5508
456;2;8973
456;5;5430
456;4;4096
456;5;1995
456;1;3209
456;4;1227
456;2;2363
457;4;805
457;5;337
457;2;3945
457;6;7720
457;4;922
457;3;1531
457;3;2583
458;4;8892
458;4;8546
458;2;4142
458;1;7865
458;4;2324
459;5;7180
459;2;584
459;3;4481
459;3;5659
459;1;7248
459;3;8920
460;6;467
460;6;3678
460;1;5798
460;1;34
460;4;4370
460;1;5627
460;5;877
460;1;6361
460;1;5638
460;5;5875
461;1;8580
461;6;5561
461;4;3230
461;4;2939
461;4;1397
461;3;4708
462;4;7438
462;3;8512
462;6;9459
462;5;5852
462;4;3199
462;3;7163
462;3;513
462;5;2561
462;5;5824
462;6;6284
463;1;4230
463;1;764
463;6;4966
463;6;6629
463;6;865
463;2;7238
463;1;1960
463;2;4826
464;1;4597
464;1;6108
464;6;3781
464;6;992
464;6;8780
464;5;5514
464;6;281
464;4;3493
464;5;4578
464;3;6996
465;1;9706
465;5;8305
465;5;5819
465;4;3891
465;6;4463
465;2;7906
466;2;888
466;1;7200
466;5;7211
467;1;4717
467;2;294
467;4;6604
467;1;8948
467;2;4341
467;5;5591
468;2;2976
468;1;7059
468;3;1197
468;4;4407
468;5;4165
468;4;779
468;6;5392
468;6;9009
469;2;9826
469;3;2595
469;1;9663
469;2;4124
469;4;2951
469;5;8679
469;3;8336
469;1;2824
469;3;788
470;4;5269
470;4;4085
470;4;6785
470;5;3711
470;5;583
471;5;2943
471;6;1626
471;6;8336
471;4;8138
471;1;4395
471;4;9958
472;2;6647
472;4;8660
472;4;3665
472;2;23
473;3;4446
473;5;9732
473;3;2139
473;2;4470
473;2;8556
473;3;6624
473;2;3856
474;4;6114
474;3;8271
474;5;8528
475;5;4529
475;4;8876
475;4;3759
475;1;9871
475;4;6318
475;5;4555
475;4;4448
475;1;8594
475;6;2776
475;2;5059
476;5;2417
476;6;7765
476;3;382
476;2;1238
476;2;9739
477;3;7977
477;4;5068
477;1;8960
477;2;1936
477;4;773
477;2;4033
477;2;6557
477;2;3467
477;5;5049
478;4;1931
478;3;5373
478;6;6387
478;2;9206
478;3;8671
478;5;2793
478;5;5706
478;2;641
479;6;9250
479;2;2548
479;1;4366
479;2;1421
479;2;2481
479;5;2093
479;6;7479
479;6;4612
479;5;6625
479;6;8717
480;3;33
480;4;3174
480;2;8418
480;6;1307
480;4;5506
480;3;6007
480;3;9681
481;2;5548
481;1;6192
481;3;224
482;1;7225
482;3;8461
482;1;7643
482;2;4848
482;2;3509
482;3;7003
482;3;1486
482;3;6304
483;1;1664
483;6;3917
483;4;8886
484;1;2620
484;5;1412
484;4;903
484;4;689
484;4;868
484;5;882
484;3;7535
485;6;8614
485;2;4894
485;2;586
485;5;2660
485;2;6093
485;2;1822
485;6;8211
486;5;1768
486;2;8367
486;2;3495
486;3;4472
486;6;9007
486;2;9675
486;4;8199
486;1;1808
486;4;7125
486;4;4686
487;5;9213
487;1;6401
487;1;8232
487;3;1966
487;5;810
487;6;2307
488;1;9145
488;2;6728
488;4;741
488;6;6700
488;5;6369
488;3;6148
489;5;1768
489;1;3976
489;4;1955
489;3;2260
489;5;6783
489;6;9983
489;1;197
490;3;4708
490;1;5049
490;6;9350
490;6;2474
490;1;9866
491;6;4772
491;2;4181
491;3;3648
491;6;5074
491;1;4349
491;4;8819
491;5;7330
491;5;5740
492;1;6144
492;3;9486
492;3;1880
492;6;6218
492;3;5345
492;2;1808
492;5;7827
492;5;6131
492;4;6663
493;4;1199
493;1;4990
493;1;3430
493;4;3635
493;5;5043
494;2;1369
494;6;8822
494;5;4530
494;3;1871
494;1;5277
494;3;4600
495;5;1758
495;3;9350
495;4;4980
496;2;2576
496;2;4529
496;4;2457
496;2;9172
496;4;1270
496;2;4019
496;2;4510
496;5;6126
497;5;8143
497;6;851
497;1;4455
497;4;2542
497;2;1041
497;2;3744
498;4;9612
498;2;3191
498;4;4211
498;2;5933
499;2;4189
499;3;8836
499;6;1609
499;2;3922
500;4;567
500;1;9955
500;6;8385
500;1;3057
500;1;6546
500;3;3674
500;2;2996
500;1;4896
500;1;5930
500;6;2974
